Unnamed: 0,Unnamed: 1,Unnamed: 2,Unnamed: 3,Unnamed: 4,Unnamed: 5,Unnamed: 6,Unnamed: 7,Unnamed: 8,Unnamed: 9,Unnamed: 10,Unnamed: 11
,CODIGO FAMILIA,CODIGO,DESCRIPCION,FECHA,TIEMPO UNITARIO,TIEMPO TOTAL,UD. MEDIDA,UDS A FABRICAR,UDS FABRICADAS,COSTE REAL TOTAL,COSTE REAL UNITARIO
,41,AGFEL0001,"AGROXILATO-FE-L, 1 L",2026-05-07 00:00:00,0.000168011,0.0625,LT,372,372,364.5783316,0.980049279
,41,AGFEL0001,"AGROXILATO-FE-L, 1 L",2026-05-27 00:00:00,0.000189394,0.125,LT,660,660,1582.097001,2.397116668
,41,AGFEL0001,"AGROXILATO-FE-L, 1 L",2026-07-15 00:00:00,0.000210438,0.083333333,LT,396,396,952.8540695,2.406197145
,41,AGFEL0005,"AGROXILATO-FE-L, 5 L",2026-03-24 00:00:00,0.000173611,0.006944444,L,40,40,75.77009339,1.894252335
,41,AGFEL0005,"AGROXILATO-FE-L, 5 L",2026-04-23 00:00:00,4.1667e-05,0.0125,L,300,300,536.3029624,1.787676541
,41,AGFEL0005,"AGROXILATO-FE-L, 5 L",2026-05-20 00:00:00,0.000138889,0.013888889,L,100,100,172.3016542,1.723016542
,41,AGFEL0005,"AGROXILATO-FE-L, 5 L",2026-05-28 00:00:00,3.4722e-05,0.006944444,L,200,200,356.7483079,1.783741539
,41,AGFEL0005,"AGROXILATO-FE-L, 5 L",2026-07-10 00:00:00,0.000104167,0.020833333,L,200,200,365.5094232,1.827547116
,41,AGMGL0005,"AGROXILATO-MG-L, 5 L",2026-05-15 00:00:00,0.000694444,0.013888889,L,20,20,53.58090985,2.679045493
,41,AGN0005,"AGROXILATO N, 5 L",2026-01-14 00:00:00,0.000520833,0.020833333,L,40,40,61.25612205,1.531403051
,41,AGN0005,"AGROXILATO N, 5 L",2026-01-30 00:00:00,0.000173611,0.006944444,L,40,40,50.30734136,1.257683534
,41,AGN0005,"AGROXILATO N, 5 L",2026-03-24 00:00:00,0.001388889,0.006944444,L,5,5,11.25030659,2.250061318
,41,AGN0005,"AGROXILATO-N, 5 L",2026-04-01 00:00:00,0.000607639,0.024305556,L,40,40,65.0949559,1.627373897
,41,AGNF0001,"CODIGREEN, 1L",2026-01-23 00:00:00,0.000157828,0.104166667,L,660,660,1154.471068,1.749198588
,41,AGNF0020,"CODIGREEN, 20 L",2026-06-22 00:00:00,9.7656e-05,0.03125,L,320,320,738.4713568,2.30772299
,41,AGNF0020,"CODIGREEN, 20 L",2026-08-31 00:00:00,4.1667e-05,0.041666667,L,1000,1000,1339.280054,1.339280054
,41,AGRMG0001,"AGROXIGREEN-MG, 1 L",2026-06-02 00:00:00,0.000167336,0.166666667,L,996,996,1625.688164,1.632217032
,41,AGRMG0005,"AGROXIGREEN-MG, 5 L",2026-04-10 00:00:00,0.000109127,0.015277778,L,140,140,161.3862338,1.152758813
,41,AGRMG0005,"AGROXIGREEN-MG, 5 L",2026-04-15 00:00:00,4.2438e-05,0.076388889,L,1800,1800,1954.591919,1.0858844
,41,AGRMG0005,"AGROXIGREEN-MG, 5 L",2026-05-06 00:00:00,0.000173611,0.003472222,L,20,20,24.26246385,1.213123192
,41,AGRMG0005,"AGROXIGREEN-MG, 5 L",2026-05-28 00:00:00,2.3148e-05,0.013888889,L,600,600,687.0088946,1.145014824
,41,AGRMG0005,"AGROXIGREEN-MG, 5 L",2026-06-02 00:00:00,3.4722e-05,0.027777778,L,800,800,937.7919846,1.172239981
,41,AGRMG0005,"AGROXIGREEN-MG, 5 L",2026-06-22 00:00:00,6.9444e-05,0.041666667,L,600,600,679.7184975,1.132864163
,41,AGRMG0005,"AGROXIGREEN-MG, 5 L",2026-06-26 00:00:00,2.7127e-05,0.017361111,L,640,640,710.3182277,1.109872231
,41,AGRMG1000,"AGROXIGREEN-MG, 1000 L",2026-05-06 00:00:00,6.944e-06,0.006944444,L,1000,1000,776.3025277,0.776302528
,41,AGRMGN0020,"AGROXIGREEN-MG, 20 L",2026-03-05 00:00:00,2.5454e-05,0.135416667,L,5320,5320,5282.128674,0.99288133
,41,AGRMGN0020,"AGROXIGREEN-MG, 20 L",2026-04-20 00:00:00,2.9839e-05,0.229166667,L,7680,7680,7447.74996,0.969759109
,41,AGRMGN0020,"AGROXIGREEN-MG, 20 L",2026-05-28 00:00:00,2.1151e-05,0.083333333,L,3940,3940,4048.50648,1.027539716
,41,AGRMGN0020,"AGROXIGREEN-MG, 20 L",2026-06-22 00:00:00,4.1667e-05,0.041666667,L,1000,1000,1101.440337,1.101440337
,41,AGXCR0001,"AGROXILATO-K  (0-5-20), 1 L",2026-01-16 00:00:00,0.000189394,0.125,L,660,660,1006.896714,1.525601082
,41,AGXCR0001,"AGROXILATO-K  (0-5-20), 1 L",2026-02-04 00:00:00,0.000189394,0.125,L,660,660,1016.557473,1.540238595
,41,AGXCR0001,"AGROXILATO-K  (0-5-20), 1 L",2026-04-30 00:00:00,0.000694444,0.291666667,L,420,420,817.9952306,1.947607692
,41,AGXCR0001,"AGROXILATO-K  (0-5-20), 1 L",2026-05-18 00:00:00,6.3131e-05,0.041666667,L,660,660,951.6842075,1.441945769
,41,AGXCR0001,"AGROXILATO-K  (0-5-20), 1 L",2026-05-27 00:00:00,0.000357744,0.708333333,L,1980,1980,3313.97983,1.673727187
,41,AGXCR0001,"AGROXILATO-K  (0-5-20), 1 L",2026-05-30 00:00:00,0.000210438,0.083333333,L,396,396,616.3019897,1.556318156
,41,AGXCR0005,"AGROXILATO-K (0-5-20), 5 Lts.",2026-01-30 00:00:00,4.2824e-05,0.025694444,L,600,600,631.8539665,1.053089944
,41,AGXCR0005,"AGROXILATO-K (0-5-20), 5 Lts.",2026-03-26 00:00:00,2.7778e-05,0.008333333,L,300,300,305.4249028,1.018083009
,41,AGXCR0005,"AGROXILATO-K (0-5-20), 5 Lts.",2026-05-25 00:00:00,8.3333e-05,0.083333333,L,1000,1000,1049.73217,1.04973217
,41,AGXCR0005,"AGROXILATO-K (0-5-20), 5 Lts.",2026-06-22 00:00:00,4.6296e-05,0.027777778,L,600,600,636.3823876,1.060637313
,41,AGXCR0020,"AGROXILATO-K, (0-5-20), 20 LtS.",2026-01-19 00:00:00,3.2552e-05,0.041666667,(en blanco),1280,1280,1189.128706,0.929006801
,41,AGXCR0020,"AGROXILATO-K, (0-5-20), 20 LtS.",2026-03-06 00:00:00,2.5499e-05,0.032638889,(en blanco),1280,1280,1188.33242,0.928384703
,41,AGXCR0020,"AGROXILATO-K, (0-5-20), 20 LtS.",2026-04-24 00:00:00,9.2231e-05,0.059027778,(en blanco),640,640,630.2373441,0.98474585
,41,AGXCR0020,"AGROXILATO-K, (0-5-20), 20 LtS.",2026-05-13 00:00:00,4.1667e-05,0.041666667,(en blanco),1000,1000,984.7681632,0.984768163
,41,AGXCR0020,"AGROXILATO-K, (0-5-20), 20 LtS.",2026-05-21 00:00:00,4.0509e-05,0.048611111,(en blanco),1200,1200,1144.660657,0.953883881
,41,AGXCR0020,"AGROXILATO-K, (0-5-20), 20 LtS.",2026-06-05 00:00:00,1.6276e-05,0.020833333,(en blanco),1280,1280,1230.71468,0.961495844
,41,AGXCR0020,"AGROXILATO-K, (0-5-20), 20 LtS.",2026-06-05 00:00:00,3.2552e-05,0.020833333,(en blanco),640,640,621.15984,0.97056225
,41,AGXCR0020,"AGROXILATO-K, (0-5-20), 20 LtS.",2026-07-06 00:00:00,3.2552e-05,0.125,(en blanco),3840,3840,3614.234868,0.941206997
,41,AGXCR0020,"AGROXILATO-K, (0-5-20), 20 LtS.",2026-07-06 00:00:00,3.4722e-05,0.166666667,(en blanco),4800,4800,4675.076822,0.973974338
,41,AGXCR0020,"AGROXILATO-K, (0-5-20), 20 LtS.",2026-07-31 00:00:00,3.2552e-05,0.020833333,(en blanco),640,640,621.530714,0.971141741
,41,AGXCR0020,"AGROXILATO-K, (0-5-20), 20 LtS.",2026-08-05 00:00:00,2.0833e-05,0.020833333,(en blanco),1000,1000,969.4470532,0.969447053
,41,AGXCR0200,"AGROXILATO-K, (0-5-20), 200 L",2026-03-26 00:00:00,3.4722e-05,0.006944444,L,200,200,196.6588196,0.983294098
,41,AGXCR1000,"AGROXILATO-K (0-5-20), 1000 Lts.",2026-02-25 00:00:00,0,0,LT,3000,3000,2293.03737,0.76434579
,41,AGXCR1000,"AGROXILATO-K (0-5-20), 1000 Lts.",2026-03-26 00:00:00,0,0,LT,1000,1000,719.6787999,0.7196788
,41,AGXCR1000,"AGROXILATO-K (0-5-20), 1000 Lts.",2026-05-07 00:00:00,0,0,LT,3000,3000,2369.00067,0.78966689
,41,AGXCR1000,"AGROXILATO-K (0-5-20), 1000 Lts.",2026-06-03 00:00:00,0,0,LT,3000,3000,2311.945528,0.770648509
,41,AGXK0001     ,"AGROXILATO-K, 1 L",2026-01-07 00:00:00,0.000217014,0.208333333,(en blanco),960,960,1488.131067,1.550136529
,41,AGXK0001     ,"AGROXILATO-K, 1 L",2026-02-24 00:00:00,8.8559e-05,0.140277778,(en blanco),1584,1584,2320.027885,1.464664069
,41,AGXK0001     ,"AGROXILATO-K, 1 L",2026-02-24 00:00:00,0.000152439,0.075,(en blanco),492,492,753.1974385,1.530889103
,41,AGXK0001     ,"AGROXILATO-K, 1 L",2026-06-05 00:00:00,0.000236742,0.1875,(en blanco),792,792,1235.324947,1.559753721
,41,AGXK0001     ,"AGROXILATO-K, 1 L",2026-08-12 00:00:00,0.000157828,0.125,(en blanco),792,792,1311.887322,1.656423387
,41,AGXK0001     ,"AGROXILATO-K, 1 L",2026-08-13 00:00:00,0.000231481,0.041666667,(en blanco),180,180,304.2143916,1.690079954
,41,AGXK0005     ,"AGROXILATO-K, 5 L",2026-02-13 00:00:00,4.5263e-05,0.760416667,L,16800,16800,17374.51792,1.034197495
,41,AGXK0005     ,"AGROXILATO-K, 5 L",2026-02-18 00:00:00,6.9444e-05,0.055555556,L,800,800,851.7117622,1.064639703
,41,AGXK0005     ,"AGROXILATO-K, 5 L",2026-02-20 00:00:00,4.5015e-05,0.75625,L,16800,16800,17398.90922,1.035649358
,41,AGXK0005     ,"AGROXILATO-K, 5 L",2026-05-15 00:00:00,3.4722e-05,0.041666666,L,600,1200,1087.896177,0.906580148
,41,AGXK0005     ,"AGROXILATO-K, 5 L",2026-06-12 00:00:00,2.7778e-05,0.055555556,L,2000,2000,2084.805948,1.042402974
,41,AGXK0005     ,"AGROXILATO-K, 5 L",2026-06-23 00:00:00,4.4563e-05,0.333333333,L,7480,7480,7553.165293,1.009781456
,41,AGXK0005     ,"AGROXILATO-K, 5 L",2026-06-26 00:00:00,0.000173611,0.006944444,L,40,40,46.67359624,1.166839906
,41,AGXK0005     ,"AGROXILATO-K, 5 L",2026-07-08 00:00:00,3.5765e-05,0.333333333,L,9320,9320,9629.566223,1.03321526
,41,AGXK0005     ,"AGROXILATO-K, 5 L",2026-07-21 00:00:00,3.9683e-05,0.666666667,L,16800,16800,17784.31157,1.058589974
,41,AGXK0005     ,"AGROXILATO-K, 5 L",2026-07-21 00:00:00,6.9444e-05,0.083333333,L,1200,1200,1300.396855,1.083664046
,41,AGXK0005     ,"AGROXILATO-K, 5 L",2026-08-05 00:00:00,6.9444e-05,0.125,L,1800,1800,2033.435332,1.129686296
,41,AGXK0005     ,"AGROXILATO-K, 5 L",2026-08-31 00:00:00,6.9444e-05,0.041666667,L,600,600,673.9589842,1.123264974
,41,AGXK0020     ,"AGROXILATO-K, 20 L",2026-01-08 00:00:00,3.2552e-05,0.333333333,L,10240,10240,9659.018453,0.943263521
,41,AGXK0020     ,"AGROXILATO-K, 20 L",2026-01-12 00:00:00,2.5463e-05,0.152777778,L,6000,6000,5517.604,0.919600667
,41,AGXK0020     ,"AGROXILATO-K, 20 L",2026-01-23 00:00:00,2.6042e-05,0.166666667,L,6400,6400,5966.808267,0.932313792
,41,AGXK0020     ,"AGROXILATO-K, 20 L",2026-02-16 00:00:00,3.342e-05,0.213888889,L,6400,6400,5954.529679,0.930395262
,41,AGXK0020     ,"AGROXILATO-K, 20 L",2026-02-23 00:00:00,2.7983e-05,0.170138889,L,6080,6080,5660.852176,0.931061213
,41,AGXK0020     ,"AGROXILATO-K, 20 L",2026-02-27 00:00:00,2.4523e-05,0.156944444,L,6400,6400,5895.530839,0.921176694
,41,AGXK0020     ,"AGROXILATO-K, 20 L",2026-03-11 00:00:00,5.787e-05,0.020833333,L,360,360,339.6735308,0.943537586
,41,AGXK0020     ,"AGROXILATO-K, 20 L",2026-03-17 00:00:00,2.2222e-05,0.066666667,L,3000,3000,2754.936933,0.918312311
,41,AGXK0020     ,"AGROXILATO-K, 20 L",2026-03-24 00:00:00,2.0715e-05,0.291666667,L,14080,14080,12663.17033,0.899372893
,41,AGXK0020     ,"AGROXILATO-K, 20 L",2026-04-01 00:00:00,2.4113e-05,0.138888889,L,5760,5760,5161.003562,0.896007563
,41,AGXK0020     ,"AGROXILATO-K, 20 L",2026-04-02 00:00:00,2.1701e-05,0.25,L,11520,11520,10299.86712,0.894085688
,41,AGXK0020     ,"AGROXILATO-K, 20 L",2026-04-15 00:00:00,2.0095e-05,0.321527778,L,16000,16000,14407.3636,0.900460225
,41,AGXK0020     ,"AGROXILATO-K, 20 L",2026-05-14 00:00:00,2.7778e-05,0.083333333,L,3000,3000,2882.998237,0.960999412
,41,AGXK0020     ,"AGROXILATO-K, 20 L",2026-05-15 00:00:00,5.5339e-05,0.708333333,L,12800,12800,12301.14154,0.961026683
,41,AGXK0020     ,"AGROXILATO-K, 20 L",2026-06-16 00:00:00,1.0657e-05,0.190972222,L,17920,17920,17023.38674,0.949965778
,41,AGXK0020     ,"AGROXILATO-K, 20 L",2026-06-26 00:00:00,3.2552e-05,0.125,L,3840,3840,3730.003402,0.971355052
,41,AGXK0020     ,"AGROXILATO-K, 20 L",2026-07-01 00:00:00,2.1701e-05,0.208333333,L,9600,9600,9147.492113,0.952863762
,41,AGXK0020     ,"AGROXILATO-K, 20 L",2026-07-09 00:00:00,1.8601e-05,0.333333333,L,17920,17920,17048.76288,0.951381857
,41,AGXK0020     ,"AGROXILATO-K, 20 L",2026-07-10 00:00:00,5.2083e-05,0.364583333,L,7000,7000,6697.975263,0.956853609
,41,AGXK0020     ,"AGROXILATO-K, 20 L",2026-07-16 00:00:00,1.8896e-05,0.166666667,L,17920,8820,6932.750453,0.786026128
,41,AGXK0020     ,"AGROXILATO-K, 20 L",2026-07-16 00:00:00,2.4673e-05,0.666666666,L,27020,27020,11615.28546,0.42987733
,41,AGXK0020     ,"AGROXILATO-K, 20 L",2026-07-16 00:00:00,3.9062e-05,0.25,L,6400,6400,6708.768583,1.048245091
,41,AGXK0020     ,"AGROXILATO-K, 20 L",2026-07-16 00:00:00,5.2083e-05,0.48125,L,9240,9240,9234.893091,0.999447304
,41,AGXK0020     ,"AGROXILATO-K, 20 L",2026-07-20 00:00:00,1.6276e-05,0.020833333,L,1280,1280,1330.950716,1.039805247
,41,AGXK0020     ,"AGROXILATO-K, 20 L",2026-07-28 00:00:00,2.572e-05,0.291666667,L,11340,11340,11357.94367,1.001582334
,41,AGXK0020     ,"AGROXILATO-K, 20 L",2026-08-04 00:00:00,3.6765e-05,0.25,L,6800,6800,6892.435766,1.013593495
,41,AGXK0020     ,"AGROXILATO-K, 20 L",2026-09-01 00:00:00,6.0386e-05,0.083333333,L,1380,1380,1426.722138,1.033856622
,41,AGXK0200     ,"AGROXILATO-K, 200 L",2026-01-08 00:00:00,1.7361e-05,0.083333333,L,4800,4800,4422.195679,0.921290767
,41,AGXK0200     ,"AGROXILATO-K, 200 L",2026-03-18 00:00:00,2.5253e-05,0.166666667,L,6600,6600,5954.145063,0.902143191
,41,AGXK0200     ,"AGROXILATO-K, 200 L",2026-05-07 00:00:00,2.6042e-05,0.104166667,L,4000,4000,3569.542565,0.892385641
,41,AGXK0200     ,"AGROXILATO-K, 200 L",2026-05-15 00:00:00,1.6026e-05,0.041666667,L,2600,2600,2285.998916,0.879230352
,41,AGXK0200     ,"AGROXILATO-K, 200 L",2026-06-12 00:00:00,1.0417e-05,0.083333333,L,8000,8000,7100.877313,0.887609664
,41,AGXK0200     ,"AGROXILATO-K, 200 L",2026-06-23 00:00:00,1.7361e-05,0.013888889,L,800,800,707.8532889,0.884816611
,41,AGXK0200     ,"AGROXILATO-K, 200 L",2026-06-23 00:00:00,3.3333e-05,0.013333333,L,400,400,383.9129442,0.95978236
,41,AGXK0200     ,"AGROXILATO-K, 200 L",2026-07-10 00:00:00,1.7361e-05,0.013888889,L,800,800,733.8603548,0.917325444
,41,AGXK0200     ,"AGROXILATO-K, 200 L",2026-07-10 00:00:00,3.125e-05,0.125,L,4000,4000,3727.628603,0.931907151
,41,AGXK1000     ,"AGROXILATO-K, 1000 L",2026-01-08 00:00:00,1.3889e-05,0.041666667,L,3000,3000,2422.7864,0.807595467
,41,AGXK1000     ,"AGROXILATO-K, 1000 L",2026-02-04 00:00:00,1.875e-05,0.05625,L,3000,3000,2233.40993,0.744469977
,41,AGXK1000     ,"AGROXILATO-K, 1000 L",2026-03-18 00:00:00,8.796e-06,0.026388889,L,3000,3000,2128.023492,0.709341164
,41,AGXK1000     ,"AGROXILATO-K, 1000 L",2026-03-24 00:00:00,6.944e-06,0.013888889,L,2000,2000,1415.730328,0.707865164
,41,AGXK1000     ,"AGROXILATO-K, 1000 L",2026-04-01 00:00:00,6.944e-06,0.027777778,L,4000,4000,3008.381637,0.752095409
,41,AGXK1000     ,"AGROXILATO-K, 1000 L",2026-04-29 00:00:00,6.944e-06,0.006944444,L,1000,1000,717.2001839,0.717200184
,41,AGXK1000     ,"AGROXILATO-K, 1000 L",2026-07-01 00:00:00,1.0417e-05,0.125,L,12000,12000,9059.378276,0.75494819
,41,AGXK1000     ,"AGROXILATO-K, 1000 L",2026-07-08 00:00:00,6.944e-06,0.020833333,L,3000,3000,2194.677279,0.731559093
,41,AGXK1000     ,"AGROXILATO-K, 1000 L",2026-07-10 00:00:00,5.208e-06,0.010416667,L,2000,2000,1561.523604,0.780761802
,41,AGXK1000     ,"AGROXILATO-K, 1000 L",2026-08-11 00:00:00,6.944e-06,0.006944444,L,1000,1000,842.069232,0.842069232
,41,AGXK1000     ,"AGROXILATO-K, 1000 L",2026-08-31 00:00:00,6.944e-06,0.006944444,L,1000,1000,842.069232,0.842069232
,41,AGXKAE0001,"BIOCULTURE POTASIO, 1 L",2026-04-30 00:00:00,0.000441919,0.291666667,L,660,660,1115.282515,1.689821993
,41,AGXKAE0005,"BIOCULTURE POTASIO, 5 L",2026-05-18 00:00:00,0.000119048,0.002380952,L,20,20,21.77794361,1.088897181
,41,AGXKAE0020,"BIOCULTURE POTASIO, 20 L",2026-02-03 00:00:00,2.4957e-05,0.063888889,L,2560,2560,2384.069307,0.931277073
,41,AGXKAE0020,"BIOCULTURE POTASIO, 20 L",2026-08-06 00:00:00,9.384e-06,0.006944444,L,740,740,733.0922939,0.990665262
,41,AGXKAE1000,"BIOCULTURE POTASIO, 1000 l",2026-05-06 00:00:00,6.944e-06,0.006944444,L,1000,1000,701.7798276,0.701779828
,41,AGXKAEP0005,"BIOCULTURE POTASIO PLUS, 5 L",2026-03-18 00:00:00,5.5556e-05,0.005555556,L,100,100,104.3857711,1.043857711
,41,AGXKAEP0005,"BIOCULTURE POTASIO PLUS, 5 L",2026-05-07 00:00:00,6.9444e-05,0.013888889,L,200,200,212.7469626,1.063734813
,41,AGXKAEP0020,"BIOCULTURE POTASIO PLUS, 20 L",2026-03-11 00:00:00,6.5104e-05,0.020833333,L,320,320,305.4959162,0.954674738
,41,AGXKC0020,"AGROXILATO-COMPLET, 20 L",2026-02-06 00:00:00,2.6042e-05,0.083333333,L,3200,3200,3381.90789,1.056846216
,41,AGXKC0020,"AGROXILATO-COMPLET, 20 L",2026-03-06 00:00:00,4.1233e-05,0.052777778,L,1280,1280,1369.605156,1.070004028
,41,AGXKC0020,"AGROXILATO-COMPLET, 20 L",2026-05-26 00:00:00,1.6276e-05,0.041666667,L,2560,2560,2675.99173,1.04530927
,41,AGXKC0020,"AGROXILATO-COMPLET, 20 L",2026-08-13 00:00:00,0.000104167,0.072916667,L,700,700,770.1533952,1.100219136
,41,AGXKC0200,"AGROXILATO-COMPLET, 200 L",2026-03-30 00:00:00,2.6042e-05,0.020833333,L,800,800,793.5533538,0.991941692
,41,AGXKC0200,"AGROXILATO-COMPLET, 200 L",2026-05-25 00:00:00,1.7361e-05,0.006944444,L,400,400,386.5853569,0.966463392
,41,AGXKC1000,"AGROXILATO-COMPLET, 1000 L",2026-03-18 00:00:00,8.102e-06,0.024305556,L,3000,3000,2411.355483,0.803785161
,41,AGXKC1000,"AGROXILATO-COMPLET, 1000 L",2026-06-23 00:00:00,3.472e-06,0.006944444,L,2000,2000,1625.258294,0.812629147
,41,AMGF0001     ,"AMINOGAL , 1 L  (Tap.Válv)",2026-06-02 00:00:00,0.000157828,0.125,L,792,792,2368.324761,2.990309042
,41,AMIMG0005,"AMINOSOIL-MG, 5L",2026-03-04 00:00:00,6.7204e-05,0.041666667,L,620,620,542.7301534,0.875371215
,41,AMIMG0020,"AMINOSOIL MG, 20 L",2026-02-23 00:00:00,3.3896e-05,0.028472222,L,840,840,605.8307049,0.72122703
,41,AN0020,"ALCAPLANT NEW, 20 KG",2026-01-21 00:00:00,2.9672e-05,0.326388889,KG,11000,11000,4196.941215,0.38154011
,41,AN0020,"ALCAPLANT NEW, 20 KG",2026-01-21 00:00:00,3.0594e-05,0.4375,KG,14300,14300,5463.458913,0.382060064
,41,AN1000,"ALCAPLANT NEW, 1000 KG",2026-02-04 00:00:00,2.2624e-05,1,KG,44200,44200,14200.48781,0.321278005
,41,AN1000,"ALCAPLANT NEW, 1000 KG",2026-03-31 00:00:00,3.0166e-05,0.666666667,KG,22100,22100,7758.765587,0.351075366
,41,AN1000,"ALCAPLANT NEW, 1000 KG",2026-04-21 00:00:00,1.0872e-05,0.240277778,KG,22100,22100,7031.323303,0.318159425
,41,AN1000,"ALCAPLANT NEW, 1000 KG",2026-05-26 00:00:00,1.1312e-05,0.25,KG,22100,22100,7566.694074,0.342384347
,41,AN1000,"ALCAPLANT NEW, 1000 KG",2026-08-10 00:00:00,1.1312e-05,0.25,KG,22100,22100,1403.859479,0.063523053
,41,AQUOM0001,"AQUOM, 1 L",2026-04-29 00:00:00,0.000868056,0.010416667,LT,12,12,47.26104481,3.938420401
,41,AQUOM0001,"AQUOM, 1 L",2026-06-03 00:00:00,0.005208333,0.5,LT,96,96,756.9378973,7.884769764
,41,AQUOM0005,"AQUOM, 5 L",2026-01-19 00:00:00,0.000104167,0.0625,L,600,600,1777.411202,2.962352003
,41,AQUOM0005,"AQUOM, 5 L",2026-04-29 00:00:00,6.9444e-05,0.041666667,L,600,600,1744.119475,2.906865791
,41,AQUOM0005,"AQUOM, 5 L",2026-04-29 00:00:00,0.000347222,0.006944444,L,20,20,63.2424726,3.16212363
,41,AQUOM0005,"AQUOM, 5 L",2026-05-05 00:00:00,6.3131e-05,0.027777778,L,440,440,1193.768158,2.713109449
,41,AQUOM0005,"AQUOM, 5 L",2026-05-25 00:00:00,9.9206e-05,0.069444444,L,700,700,2066.810383,2.952586261
,41,AQUOM0005,"AQUOM, 5 L",2026-05-26 00:00:00,3.23e-05,0.041666667,L,1290,1290,4345.135984,3.368322468
,41,AQUOM0005,"AQUOM, 5 L",2026-05-27 00:00:00,5.8685e-05,0.083333333,L,1420,1420,4827.120203,3.399380425
,41,AQUOM0020,"AQUOM, 20 L",2026-05-05 00:00:00,0.000105219,0.069444444,L,680,660,1762.736734,2.670813233
,41,AQUOM0020,"AQUOM, 20 L",2026-07-13 00:00:00,0.000347222,0.006944444,L,20,20,70.34169713,3.517084857
,41,AQUOM0020,"AQUOM, 20 L",2026-08-11 00:00:00,6.9444e-05,0.006944444,L,100,100,331.7060868,3.317060868
,41,AQUOMAR0005,"AQUOM ARABIA, 5 L",2026-03-30 00:00:00,0.000111111,0.044444444,L,400,400,1574.402849,3.936007122
,41,AQUOMB0001,"AQUOM-BORO, 1 L",2026-06-16 00:00:00,0.000333333,0.001333333,LT,4,4,12.13980888,3.03495222
,41,AQUOMB0001,"AQUOM-BORO, 1 L",2026-07-03 00:00:00,0.000333333,0.002,LT,6,6,18.20971459,3.034952431
,41,AQUOMB0020,"AQUOM-BORO, 20 L",2026-05-18 00:00:00,5.2083e-05,0.001041667,L,20,20,46.95995071,2.347997536
,41,AVAN0001,"FLORAMEC AVANCE, 1 L",2026-01-23 00:00:00,0.000189394,0.125,L,660,660,1775.331981,2.689896941
,41,AVAN0001,"FLORAMEC AVANCE, 1 L",2026-02-05 00:00:00,0.000138889,0.091666667,L,660,660,1747.652486,2.647958312
,41,AVAN0001,"FLORAMEC AVANCE, 1 L",2026-02-24 00:00:00,0.000578704,0.013888889,L,24,24,71.40165579,2.975068991
,41,AVAN0001,"FLORAMEC AVANCE, 1 L",2026-02-25 00:00:00,0.000578704,0.006944444,L,12,12,35.7008275,2.975068958
,41,AVAN0001,"FLORAMEC AVANCE, 1 L",2026-05-04 00:00:00,0.000210438,0.138888889,L,660,660,1779.424805,2.696098189
,41,AVAN0001,"FLORAMEC AVANCE, 1 L",2026-05-04 00:00:00,0.000315657,0.041666667,L,132,132,379.8629613,2.877749706
,41,AVAN0001,"FLORAMEC AVANCE, 1 L",2026-05-11 00:00:00,0.000339674,0.375,L,1104,1104,3092.787492,2.801437946
,41,AVAN0001,"FLORAMEC AVANCE, 1 L",2026-07-02 00:00:00,0.000131524,0.416666667,L,3168,3168,8835.782488,2.789072755
,41,AVAN0001,"FLORAMEC AVANCE, 1 L",2026-09-26 00:00:00,0.000157828,0.125,L,792,792,2112.118179,2.666815882
,41,AVAN0005,"FLORAMEC AVANCE, 5 L",2026-03-02 00:00:00,4.0123e-05,0.072222222,L,1800,1800,3827.587797,2.126437665
,41,AVAN0005,"FLORAMEC AVANCE, 5 L",2026-03-17 00:00:00,4.8225e-05,0.086805556,L,1800,1800,3838.129646,2.132294248
,41,AVAN0005,"FLORAMEC AVANCE, 5 L",2026-05-07 00:00:00,5.787e-05,0.034722222,L,600,600,1296.02226,2.1600371
,41,AVAN0005,"FLORAMEC AVANCE, 5 L",2026-06-08 00:00:00,3.4722e-05,0.041666667,L,1200,1200,2705.196594,2.254330495
,41,AVAN0005,"FLORAMEC AVANCE, 5 L",2026-06-16 00:00:00,5.848e-05,0.111111111,L,1900,1900,4233.341939,2.228074705
,41,AVAN0005,"FLORAMEC AVANCE, 5 L",2026-06-22 00:00:00,5.2083e-05,0.020833333,L,400,400,891.0015047,2.227503762
,41,AVAN0005,"FLORAMEC AVANCE, 5 L",2026-07-14 00:00:00,3.9062e-05,0.0625,L,1600,1600,3623.064726,2.264415453
,41,AVAN0005,"FLORAMEC AVANCE, 5 L",2026-07-29 00:00:00,5.4253e-05,0.052083333,L,960,960,2201.254507,2.292973445
,41,AVAN0005,"FLORAMEC AVANCE, 5 L",2026-08-03 00:00:00,8.8652e-05,0.083333333,L,940,940,2179.390715,2.318500761
,41,AVAN0005,"FLORAMEC AVANCE, 5 L",2026-08-06 00:00:00,4.3403e-05,0.020833333,L,480,480,1090.07705,2.270993854
,41,AVAN0020,"FLORAMEC AVANCE, 20 L",2026-02-05 00:00:00,4.6658e-05,0.029861111,L,640,640,1309.32738,2.045824031
,41,AVAN0020,"FLORAMEC AVANCE, 20 L",2026-02-26 00:00:00,2.5608e-05,0.081944444,L,3200,3200,6407.496538,2.002342668
,41,AVAN0020,"FLORAMEC AVANCE, 20 L",2026-03-05 00:00:00,0,0,L,2560,0,458.576,0
,41,AVAN0020,"FLORAMEC AVANCE, 20 L",2026-03-17 00:00:00,3.8249e-05,0.097916667,L,2560,2560,5129.37073,2.003660441
,41,AVAN0020,"FLORAMEC AVANCE, 20 L",2026-03-25 00:00:00,2.7778e-05,0.022222222,L,800,800,1596.251759,1.995314699
,41,AVAN0020,"FLORAMEC AVANCE, 20 L",2026-03-31 00:00:00,2.4704e-05,0.125,L,5120,5060,9994.823862,1.975261633
,41,AVAN0020,"FLORAMEC AVANCE, 20 L",2026-04-21 00:00:00,3.0744e-05,0.118055556,L,3840,3840,7741.38916,2.015986761
,41,AVAN0020,"FLORAMEC AVANCE, 20 L",2026-06-05 00:00:00,3.2552e-05,0.0625,L,1920,1920,4114.087379,2.142753843
,41,AVAN0020,"FLORAMEC AVANCE, 20 L",2026-06-22 00:00:00,0.0001125,0.5625,L,5000,5000,10979.0618,2.195812359
,41,AVAN0020,"FLORAMEC AVANCE, 20 L",2026-07-20 00:00:00,0.000173611,0.006944444,L,40,40,88.75700039,2.21892501
,41,AVAN0020,"FLORAMEC AVANCE, 20 L",2026-07-21 00:00:00,3.2552e-05,0.083333333,L,2560,2560,5535.762441,2.162407204
,41,AVAN0020,"FLORAMEC AVANCE, 20 L",2026-08-17 00:00:00,2.1701e-05,0.083333333,L,3840,3840,8291.636087,2.159280231
,41,AVAN0200,"FLORAMEC AVANCE, 200 L",2026-01-27 00:00:00,6.9444e-05,0.013888889,L,200,200,424.6741951,2.123370975
,41,AVAN1000,"FLORAMEC AVANCE, 1000 L",2026-04-29 00:00:00,1.0417e-05,0.010416667,L,1000,1000,1819.636322,1.819636322
,41,B0001        ,"BOROCAL,1 L",2026-01-22 00:00:00,0.000126263,0.166666667,LT,1320,1320,1788.785197,1.355140301
,41,B0001        ,"BOROCAL,1 L",2026-01-27 00:00:00,0.001157407,0.013888889,LT,12,12,26.13136661,2.177613884
,41,B0001        ,"BOROCAL,1 L",2026-02-03 00:00:00,0.000868056,0.020833333,LT,24,24,47.02725271,1.959468863
,41,B0001        ,"BOROCAL,1 L",2026-02-18 00:00:00,0.000119874,0.080555556,LT,672,672,914.9830785,1.361581962
,41,B0001        ,"BOROCAL,1 L",2026-02-18 00:00:00,0.000139415,0.220833333,LT,1584,1584,2182.53431,1.37786257
,41,B0001        ,"BOROCAL,1 L",2026-02-19 00:00:00,0.000145833,0.04375,LT,300,300,414.8072638,1.382690879
,41,B0001        ,"BOROCAL,1 L",2026-04-21 00:00:00,6.3131e-05,0.166666667,LT,2640,2640,3513.956168,1.331044003
,41,B0001        ,"BOROCAL,1 L",2026-07-20 00:00:00,0.000144676,0.006944444,LT,48,48,69.03415702,1.438211605
,41,B0001        ,"BOROCAL,1 L",2026-08-07 00:00:00,8.4175e-05,0.333333333,LT,3960,3960,5423.987659,1.369693853
,41,B0001        ,"BOROCAL,1 L",2026-08-07 00:00:00,0.000144676,0.083333333,LT,576,576,838.9913063,1.456582129
,41,B0001        ,"BOROCAL,1 L",2026-08-12 00:00:00,0.000578704,0.013888889,LT,24,24,43.98930222,1.832887593
,41,B0001        ,"BOROCAL,1 L",2026-08-13 00:00:00,0.000186012,0.5,LT,2688,2688,4232.871211,1.574728873
,41,B0001        ,"BOROCAL,1 L",2026-08-27 00:00:00,0.000578704,0.006944444,LT,12,12,21.942241,1.828520083
,41,B0005        ,"BOROCAL, 5 L",2026-04-23 00:00:00,4.4023e-05,0.049305556,L,1120,1120,1088.193667,0.971601488
,41,B0005        ,"BOROCAL, 5 L",2026-07-21 00:00:00,6.9444e-05,0.041666667,L,600,600,627.1710436,1.045285073
,41,B0005        ,"BOROCAL, 5 L",2026-07-31 00:00:00,4.3403e-05,0.027777778,L,640,640,630.6003687,0.985313076
,41,B0020        ,"BOROCAL, 20 L",2026-02-02 00:00:00,3.2552e-05,0.020833333,L,640,640,519.2106399,0.811266625
,41,B0020        ,"BOROCAL, 20 L",2026-02-06 00:00:00,3.5511e-05,0.0625,L,1760,1760,1435.848011,0.815822733
,41,B0020        ,"BOROCAL, 20 L",2026-03-04 00:00:00,2.7574e-05,0.05625,L,2040,2040,1641.666843,0.804738649
,41,B0020        ,"BOROCAL, 20 L",2026-03-06 00:00:00,3.3637e-05,0.021527778,L,640,640,523.5913651,0.818111508
,41,B0020        ,"BOROCAL, 20 L",2026-03-25 00:00:00,2.8339e-05,0.077083333,L,2720,2720,2196.778176,0.807639035
,41,B0020        ,"BOROCAL, 20 L",2026-03-31 00:00:00,2.1701e-05,0.027777778,L,1280,1280,1027.00573,0.802348227
,41,B0020        ,"BOROCAL, 20 L",2026-04-23 00:00:00,3.2552e-05,0.020833333,L,640,640,551.5695637,0.861827443
,41,B0020        ,"BOROCAL, 20 L",2026-05-12 00:00:00,2.142e-05,0.065972222,L,3080,3080,2751.423839,0.893319428
,41,B0020        ,"BOROCAL, 20 L",2026-06-10 00:00:00,3.7977e-05,0.024305556,L,640,640,554.6040744,0.866568866
,41,B0020        ,"BOROCAL, 20 L",2026-06-11 00:00:00,2.1701e-05,0.069444444,L,3200,3200,2936.305541,0.917595482
,41,B0020        ,"BOROCAL, 20 L",2026-07-14 00:00:00,4.702e-05,0.090277778,L,1920,1920,1777.667671,0.925868579
,41,B0200        ,"BOROCAL, 200 L",2026-02-23 00:00:00,1.3889e-05,0.005555556,L,400,400,322.0746175,0.805186544
,41,B0200        ,"BOROCAL, 200 L",2026-04-02 00:00:00,3.4722e-05,0.006944444,L,200,200,160.9144149,0.804572075
,41,B0200        ,"BOROCAL, 200 L",2026-05-25 00:00:00,1.7361e-05,0.003472222,L,200,200,155.6494392,0.778247196
,41,B0200        ,"BOROCAL, 200 L",2026-06-04 00:00:00,5.2083e-05,0.020833333,L,400,400,322.3688786,0.805922196
,41,B0200        ,"BOROCAL, 200 L",2026-07-16 00:00:00,6.9444e-05,0.041666667,L,600,600,540.0856997,0.900142833
,41,B1000        ,"BOROCAL, 1000 L",2026-07-31 00:00:00,6.944e-06,0.006944444,L,1000,1000,724.5350429,0.724535043
,41,BAYCAL0020,"BAYFOLAN CALCIO, 20 L",2026-03-10 00:00:00,1.5069e-05,0.333333333,L,22120,22120,11934.50876,0.539534754
,41,BAYCAL0020,"BAYFOLAN CALCIO, 20 L",2026-03-12 00:00:00,1.5504e-05,0.333333333,L,21500,21500,12086.38082,0.562157247
,41,BAYCAL0020,"BAYFOLAN CALCIO, 20 L",2026-03-13 00:00:00,1.9009e-05,0.416666667,L,22133,21920,12002.56807,0.547562412
,41,BAYCAL0020,"BAYFOLAN CALCIO, 20 L",2026-03-24 00:00:00,5.2083e-05,1.0625,L,20400,20400,11752.34787,0.576095484
,41,BAYCAL0020,"BAYFOLAN-CALCIO, 20 L",2026-04-13 00:00:00,3.5464e-05,0.763888889,L,21600,21540,12273.33392,0.569792661
,41,BAYCAL0020,"BAYFOLAN-CALCIO, 20 L",2026-04-17 00:00:00,1.642e-05,0.333333333,L,20300,20300,11387.88013,0.560979317
,41,BAYCAL0020,"BAYFOLAN-CALCIO, 20 L",2026-04-21 00:00:00,5.2083e-05,1.65,L,31680,31680,18459.95583,0.582700626
,41,BAYCAL0020,"BAYFOLAN-CALCIO, 20 L",2026-05-11 00:00:00,9.2361e-05,0.092361111,L,1000,1000,662.3479168,0.662347917
,41,BEY0001,"BERRY-FLOR, 1 L",2026-08-31 00:00:00,0.000385802,0.027777778,LT,72,72,161.9312107,2.249044594
,41,BEY0005      ,"BERRY-FLOR, 5 L",2026-01-28 00:00:00,0.000104167,0.020833333,L,200,200,340.3838939,1.701919469
,41,BEY0005      ,"BERRY-FLOR, 5 L",2026-02-20 00:00:00,4.2659e-05,0.029861111,L,700,700,995.0078709,1.421439816
,41,BEY0005      ,"BERRY-FLOR, 5 L",2026-04-08 00:00:00,0.000291667,0.029166667,L,100,100,158.4988638,1.584988638
,41,BEY0005      ,"BERRY-FLOR, 5 L",2026-04-23 00:00:00,4.6296e-05,0.013888889,L,300,300,417.2955801,1.390985267
,41,BEY0005      ,"BERRY-FLOR, 5 L",2026-06-02 00:00:00,0.000347222,0.006944444,L,20,20,36.84242861,1.84212143
,41,BEY0020      ,"BERRY-FLOR, 20 L",2026-01-28 00:00:00,6.9444e-05,0.013888889,L,200,200,293.7574918,1.468787459
,41,BEY0020      ,"BERRY-FLOR, 20 L",2026-04-07 00:00:00,0.00016276,0.052083333,L,320,320,440.1917035,1.375599073
,41,BEY0020      ,"BERRY-FLOR, 20 L",2026-05-15 00:00:00,3.2644999999999997e-05,0.152777778,L,4680,4680,6955.733365,1.486267813
,41,BEY0020      ,"BERRY-FLOR, 20 L",2026-06-08 00:00:00,2.2401e-05,0.25,L,11160,11160,16933.6404,1.51735129
,41,BEY0020      ,"BERRY-FLOR, 20 L",2026-06-08 00:00:00,3.4722e-05,0.034722222,L,1000,1000,1526.894841,1.526894841
,41,BIO0001,"BIORAD-20, 1L",2026-02-05 00:00:00,0.000124008,0.041666667,L,336,336,493.4134018,1.468492267
,41,BIO0001,"BIORAD-20, 1L",2026-02-06 00:00:00,0.000140292,0.333333333,L,2376,2376,3456.990482,1.454962324
,41,BIO0001,"BIORAD-20, 1L",2026-02-25 00:00:00,0.000103857,0.139583333,L,1344,1344,1887.284094,1.404229237
,41,BIO0001,"BIORAD-20, 1L",2026-04-30 00:00:00,0.000378788,0.25,L,660,660,1092.481017,1.655274268
,41,BIO0001,"BIORAD-20, 1L",2026-06-01 00:00:00,0.000299874,0.197916667,L,660,660,1080.634856,1.63732554
,41,BIO0001,"BIORAD-20, 1L",2026-07-03 00:00:00,0.000333333,0.002,L,6,6,9.893188824,1.648864804
,41,BIO0001,"BIORAD-20, 1L",2026-08-25 00:00:00,0.000210438,0.166666667,L,792,792,1313.897576,1.658961586
,41,BIO0005,"BIORAD-20, 5L",2026-01-20 00:00:00,5.2083e-05,0.041666667,L,800,800,795.9752106,0.994969013
,41,BIO0005,"BIORAD-20, 5L",2026-01-30 00:00:00,4.7454e-05,0.028472222,L,600,600,600.4531986,1.000755331
,41,BIO0005,"BIORAD-20, 5L",2026-02-13 00:00:00,4.1667e-05,0.033333333,L,800,800,777.7209272,0.972151159
,41,BIO0005,"BIORAD-20, 5L",2026-02-13 00:00:00,6.2934e-05,0.040277778,L,640,640,631.9940088,0.987490639
,41,BIO0005,"BIORAD-20, 5L",2026-03-30 00:00:00,5.7292e-05,0.022916667,L,400,400,404.2025708,1.010506427
,41,BIO0005,"BIORAD-20, 5L",2026-04-15 00:00:00,4.4444e-05,0.022222222,L,500,500,496.2135685,0.992427137
,41,BIO0005,"BIORAD-20, 5L",2026-06-22 00:00:00,4.6296e-05,0.027777778,L,600,600,627.7495877,1.046249313
,41,BIO0005,"BIORAD-20, 5L",2026-08-05 00:00:00,5.2083e-05,0.020833333,L,400,400,292.8220004,0.732055001
,41,BIO0005,"BIORAD-20, 5L",2026-08-05 00:00:00,5.2083e-05,0.166666667,L,3200,3200,2311.636005,0.722386252
,41,BIO0005,"BIORAD-20, 5L",2026-09-01 00:00:00,6.9444e-05,0.125,L,1800,1800,1966.191897,1.092328832
,41,BIO0020,"BIORAD-20, 20 L",2026-01-07 00:00:00,3.1829e-05,0.458333333,L,14400,14400,12635.62046,0.877473643
,41,BIO0020,"BIORAD-20, 20 L",2026-01-07 00:00:00,3.2552e-05,0.125,L,3840,3840,3385.176906,0.881556486
,41,BIO0020,"BIORAD-20, 20 L",2026-01-20 00:00:00,4.3403e-05,0.041666667,L,960,960,843.4131179,0.878555331
,41,BIO0020,"BIORAD-20, 20 L",2026-01-30 00:00:00,2.1159e-05,0.027083333,L,1280,1280,1112.1937,0.868901328
,41,BIO0020,"BIORAD-20, 20 L",2026-02-02 00:00:00,2.1701e-05,0.041666667,L,1920,1920,1676.209514,0.873025788
,41,BIO0020,"BIORAD-20, 20 L",2026-02-09 00:00:00,2.6042e-05,0.083333333,L,3200,3200,2804.37852,0.876368287
,41,BIO0020,"BIORAD-20, 20 L",2026-02-13 00:00:00,2.7488e-05,0.026388889,L,960,960,813.5191508,0.847415782
,41,BIO0020,"BIORAD-20, 20 L",2026-03-06 00:00:00,2.9297e-05,0.01875,L,640,640,572.4284926,0.89441952
,41,BIO0020,"BIORAD-20, 20 L",2026-03-16 00:00:00,3.0414e-05,0.083333333,L,2740,2740,2423.597318,0.884524569
,41,BIO0020,"BIORAD-20, 20 L",2026-03-16 00:00:00,4.1667e-05,0.25,L,6000,6000,5364.079329,0.894013221
,41,BIO0020,"BIORAD-20, 20 L",2026-03-31 00:00:00,2.1701e-05,0.041666667,L,1920,1920,1659.361865,0.864250972
,41,BIO0020,"BIORAD-20, 20 L",2026-03-31 00:00:00,2.1701e-05,0.125,L,5760,5760,4974.078793,0.863555346
,41,BIO0020,"BIORAD-20, 20 L",2026-04-15 00:00:00,2.5161e-05,0.034722222,L,1380,1380,1194.689908,0.865717325
,41,BIO0020,"BIORAD-20, 20 L",2026-04-29 00:00:00,3.4209e-05,0.138888889,L,3840,4060,3555.742027,0.875798529
,41,BIO0020,"BIORAD-20, 20 L",2026-05-27 00:00:00,2.4225e-05,0.125,L,5160,5160,4652.000422,0.901550469
,41,BIO0020,"BIORAD-20, 20 L",2026-06-02 00:00:00,5.3146e-05,0.104166667,L,1960,1960,1830.894457,0.934129825
,41,BIO0020,"BIORAD-20, 20 L",2026-06-30 00:00:00,5.2083e-05,0.041666667,L,800,800,797.6796052,0.997099506
,41,BIO0020,"BIORAD-20, 20 L",2026-07-08 00:00:00,2.1701e-05,0.027777778,L,1280,1280,1159.645768,0.905973256
,41,BIO0020,"BIORAD-20, 20 L",2026-07-08 00:00:00,2.3872e-05,0.458333333,L,19200,19200,9375.068937,0.48828484
,41,BIO0020,"BIORAD-20, 20 L",2026-07-27 00:00:00,3.4153e-05,0.208333333,L,6100,6100,5969.618207,0.978625936
,41,BIO0020,"BIORAD-20, 20 L",2026-08-05 00:00:00,2.6042e-05,0.125,L,4800,4800,2904.331585,0.60506908
,41,BIO0020,"BIORAD-20, 20 L",2026-08-05 00:00:00,3.1002e-05,0.017361111,L,560,560,341.8760181,0.610492889
,41,BIO0020,"BIORAD-20, 20 L",2026-08-27 00:00:00,2.7027e-05,0.2,L,7400,7400,7077.477106,0.956415825
,41,BIO0200,"BIORAD-20, 200 L",2026-01-15 00:00:00,0.000104167,0.041666667,L,400,400,376.7395997,0.941848999
,41,BIO0200,"BIORAD-20, 200 L",2026-05-25 00:00:00,1.7361e-05,0.003472222,L,200,200,168.0843271,0.840421636
,41,BIO0200,"BIORAD-20, 200 L",2026-08-28 00:00:00,2.0833e-05,0.083333333,L,4000,4000,3723.482251,0.930870563
,41,BIO1000,"BIORAD-20, 1000 L",2026-06-12 00:00:00,6.944e-06,0.006944444,L,2000,2000,1582.252295,0.791126148
,41,BIO1000,"BIORAD-20, 1000 L",2026-07-28 00:00:00,6.944e-06,0.006944444,L,1000,1000,74.99759346,0.074997593
,41,BIO1000,"BIORAD-20, 1000 L",2026-08-17 00:00:00,6.944e-06,0.006944444,L,1000,1000,792.3706106,0.792370611
,41,BM0005,"BOROCAL MAROC, 5 L",2026-07-21 00:00:00,4.1667e-05,0.041666667,L,1000,1000,1081.174614,1.081174614
,41,BROTA0005,"BROTAMEC, 5 L",2026-01-16 00:00:00,6.1728e-05,0.111111111,L,1800,1800,2274.049602,1.26336089
,41,BROTA0005,"BROTAMEC, 5 L",2026-02-04 00:00:00,6.9444e-05,0.041666667,L,600,600,759.1528808,1.265254801
,41,BROTA0005,"BROTAMEC, 5 L",2026-03-17 00:00:00,4.1667e-05,0.041666667,L,1000,1000,1245.498255,1.245498255
,41,BROTA0005,"BROTAMEC, 5 L",2026-03-17 00:00:00,6.6774e-05,0.034722222,L,520,520,638.0099168,1.226942148
,41,BROTA0005,"BROTAMEC, 5 L",2026-05-27 00:00:00,0.000104167,0.0625,L,600,600,749.7660359,1.24961006
,41,BROTA0005,"BROTAMEC, 5 L",2026-07-29 00:00:00,0.000173611,0.003472222,LT,20,20,26.67545387,1.333772693
,41,BROTA0005,"BROTAMEC, 5 L",2026-07-31 00:00:00,6.2217e-05,0.275,LT,4500,4420,5684.971842,1.286192724
,41,BROTA0020,"BROTAMEC, 20 L",2026-02-23 00:00:00,2.4957e-05,0.031944444,L,1280,1280,1419.482077,1.108970373
,41,BROTA0020,"BROTAMEC, 20 L",2026-07-30 00:00:00,2.6042e-05,0.0625,L,2400,2400,2664.531416,1.110221424
,41,BROTA0020,"BROTAMEC, 20 L",2026-07-30 00:00:00,3.2552e-05,0.041666667,L,1280,1280,1430.345945,1.117457769
,41,CBROT0001,"CODIBROT, 1 L",2026-04-09 00:00:00,0.000462963,0.001388889,L,3,3,6.008470673,2.002823558
,41,CBROT0005,"CODIBROT, 5 L",2026-01-19 00:00:00,6.9444e-05,0.020833333,L,300,300,396.3598817,1.321199606
,41,CBROT0005,"CODIBROT, 5 L",2026-04-29 00:00:00,4.6296e-05,0.027777778,L,600,600,765.3332811,1.275555469
,41,CBROT0005,"CODIBROT, 5 L",2026-05-07 00:00:00,4.6296e-05,0.027777778,L,600,600,766.2932811,1.277155469
,41,C-CU0001     ,"CODICOBRE, 1 L",2026-01-05 00:00:00,0.00015191,0.145833333,L,960,960,2142.837052,2.23212193
,41,C-CU0001     ,"CODICOBRE, 1 L",2026-01-26 00:00:00,0.000126263,0.083333333,L,660,660,1463.63211,2.217624409
,41,C-CU0001     ,"CODICOBRE, 1 L",2026-02-25 00:00:00,0.000150814,0.119444444,L,792,792,1774.256972,2.240223449
,41,C-CU0001     ,"CODICOBRE, 1 L",2026-03-05 00:00:00,0.000149762,0.593055556,L,3960,3960,8750.608786,2.209749694
,41,C-CU0001     ,"CODICOBRE, 1 L",2026-05-07 00:00:00,0.000173611,0.166666667,L,960,960,2210.335031,2.302432324
,41,C-CU0001     ,"CODICOBRE, 1 L",2026-05-07 00:00:00,0.000248016,0.125,L,504,504,1190.314891,2.361735895
,41,C-CU0001     ,"CODICOBRE, 1 L",2026-05-15 00:00:00,0.000208333,0.125,L,600,600,1325.602359,2.209337264
,41,C-CU0001     ,"CODICOBRE, 1 L",2026-05-28 00:00:00,0.000999579,0.791666667,L,792,792,2397.295715,3.026888529
,41,C-CU0001     ,"CODICOBRE, 1 L",2026-07-15 00:00:00,0.000105219,0.041666667,L,396,396,922.5713167,2.329725547
,41,C-CU0001     ,"CODICOBRE, 1 L",2026-08-03 00:00:00,8.9031e-05,0.013888889,L,156,156,375.0052643,2.403879899
,41,C-CU0001     ,"CODICOBRE, 1 L",2026-08-03 00:00:00,0.000131027,0.083333333,L,636,636,1563.626077,2.458531567
,41,C-CU0005     ,"CODICOBRE, 5 L",2026-02-05 00:00:00,6.5972e-05,0.079166667,L,1200,1200,2014.29744,1.6785812
,41,C-CU0005     ,"CODICOBRE, 5 L",2026-02-10 00:00:00,4.8611e-05,0.048611111,L,1000,1000,1669.900366,1.669900366
,41,C-CU0005     ,"CODICOBRE, 5 L",2026-05-18 00:00:00,0.000119048,0.002380952,L,20,20,35.15893267,1.757946634
,41,C-CU0005     ,"CODICOBRE, 5 L",2026-05-25 00:00:00,0.000104167,0.041666667,L,400,400,702.0000878,1.75500022
,41,C-CU0005     ,"CODICOBRE, 5 L",2026-06-02 00:00:00,5.2083e-05,0.020833333,L,400,400,714.9153522,1.78728838
,41,C-CU0005     ,"CODICOBRE, 5 L",2026-06-09 00:00:00,4.6555e-05,0.166666667,L,3580,3580,6348.276701,1.773261648
,41,C-CU0005     ,"CODICOBRE, 5 L",2026-06-10 00:00:00,5.6076e-05,0.224305556,L,4000,4000,7090.688361,1.77267209
,41,C-CU0020     ,"CODICOBRE, 20 L",2026-03-03 00:00:00,3.3681e-05,0.269444444,L,8000,8000,12235.51744,1.529439681
,41,C-CU0020     ,"CODICOBRE, 20 L",2026-04-21 00:00:00,5.2083e-05,0.166666667,L,3200,3200,5027.640733,1.571137729
,41,C-CU0020     ,"CODICOBRE, 20 L",2026-05-12 00:00:00,1.3021e-05,0.010416667,L,800,800,1275.941557,1.594926946
,41,C-CU0020     ,"CODICOBRE, 20 L",2026-05-19 00:00:00,3.0744e-05,0.059027778,L,1920,1920,3131.064522,1.630762772
,41,C-CU0020     ,"CODICOBRE, 20 L",2026-05-27 00:00:00,2.2401e-05,0.041666667,L,1800,1860,3034.600831,1.631505823
,41,C-CU0020     ,"CODICOBRE, 20 L",2026-05-27 00:00:00,5.0403e-05,0.125,L,2480,2480,4712.266661,1.900107525
,41,C-CU0020     ,"CODICOBRE, 20 L",2026-06-10 00:00:00,6.5104e-05,0.020833333,L,320,320,537.5632404,1.679885126
,41,C-CU0020     ,"CODICOBRE, 20 L",2026-08-06 00:00:00,3.2552e-05,0.104166667,L,3200,3200,5521.246904,1.725389658
,41,C-CU1000     ,"CODICOBRE, 1000 L",2026-01-12 00:00:00,2.0833e-05,0.041666667,L,2000,2000,2759.196413,1.379598207
,41,C-CU1000     ,"CODICOBRE, 1000 L",2026-02-02 00:00:00,2.0833e-05,0.020833333,L,1000,1000,1346.598216,1.346598216
,41,C-CU1000     ,"CODICOBRE, 1000 L",2026-05-08 00:00:00,5.208e-06,0.010416667,L,1000,2000,2777.771326,1.388885663
,41,C-CU20001,"CODICOBRE (EGIPTO), 1 L",2026-03-03 00:00:00,0.000168364,1.041666667,L,6187,6187,15742.36194,2.544425722
,41,C-CU20001,"CODICOBRE (EGIPTO), 1 L",2026-05-25 00:00:00,9.8643e-05,0.625,L,6336,6336,15685.23796,2.475574173
,41,C-CUAE0005,"CUPRAMEC, 5 L",2026-01-09 00:00:00,6.25e-05,0.125,L,2000,2000,3361.486593,1.680743296
,41,C-CUAE0005,"CUPRAMEC, 5 L",2026-02-04 00:00:00,5.4012e-05,0.097222222,L,1800,1800,3005.378673,1.669654818
,41,C-CUAE0005,"CUPRAMEC, 5 L",2026-05-13 00:00:00,0.000347222,0.020833333,L,60,60,116.9018028,1.94836338
,41,C-CUAE0005,"CUPRAMEC, 5 L",2026-05-15 00:00:00,0.000347222,0.013888889,L,40,40,76.90806883,1.922701721
,41,C-CUAE0005,"CUPRAMEC, 5 L",2026-06-22 00:00:00,6.9444e-05,0.041666667,L,600,600,1074.524551,1.790874252
,41,C-CUAE0005,"CUPRAMEC, 5 L",2026-07-06 00:00:00,0.000115741,0.006944444,L,60,60,108.0833565,1.801389275
,41,C-CUAE0005,"CUPRAMEC, 5 L",2026-07-08 00:00:00,3.4722e-05,0.020833333,L,600,600,1064.364234,1.773940389
,41,C-CUAE0005,"CUPRAMEC, 5 L",2026-07-08 00:00:00,3.9683e-05,0.027777778,L,700,700,1241.94744,1.774210628
,41,C-CUAE0005,"CUPRAMEC, 5 L",2026-07-30 00:00:00,0.000347222,0.006944444,L,20,20,39.18539849,1.959269925
,41,C-CUAE0005,"CUPRAMEC, 5 L",2026-08-07 00:00:00,0.000173611,0.006944444,L,40,40,77.40379566,1.935094891
,41,C-CUAE0005,"CUPRAMEC, 5 L",2026-08-24 00:00:00,3.858e-05,0.034722222,L,900,900,1684.762909,1.871958788
,41,C-CUAE0020,"CUPRAMEC, 20 L",2026-03-11 00:00:00,2.1701e-05,0.041666667,L,1920,1920,3277.33762,1.706946677
,41,C-CUAE0020,"CUPRAMEC, 20 L",2026-05-12 00:00:00,3.4722e-05,0.006944444,L,200,200,362.6566388,1.813283194
,41,C-CUAE0020,"CUPRAMEC, 20 L",2026-07-22 00:00:00,0.000132979,0.125,L,940,940,1837.664516,1.954962251
,41,C-L0001      ,"CODIBOR-L, 1 L",2026-01-28 00:00:00,0.000128601,0.041666667,L,324,324,778.8796249,2.40394946
,41,C-L0001      ,"CODIBOR-L, 1 L",2026-03-25 00:00:00,0.000315657,0.041666667,L,132,132,338.0365676,2.560883088
,41,C-L0001      ,"CODIBOR-L, 1 L",2026-04-20 00:00:00,0.001157407,0.003472222,L,3,3,9.438103169,3.14603439
,41,C-L0001      ,"CODIBOR-L, 1 L",2026-05-29 00:00:00,0.000142045,0.09375,L,660,660,1462.175001,2.215416668
,41,C-L0001      ,"CODIBOR-L, 1 L",2026-08-10 00:00:00,0.000157828,0.125,L,792,792,1946.153344,2.457264323
,41,C-L0001      ,"CODIBOR-L, 1 L",2026-08-10 00:00:00,0.000231481,0.013888889,L,60,60,148.2832837,2.471388062
,41,C-L0005      ,"CODIBOR-L, 5 L",2026-01-28 00:00:00,6.9444e-05,0.083333333,L,1200,1200,2339.892117,1.949910097
,41,C-L0005      ,"CODIBOR-L, 5 L",2026-02-25 00:00:00,9.0856e-05,0.109027778,L,1200,1200,2300.046703,1.916705586
,41,C-L0005      ,"CODIBOR-L, 5 L",2026-03-03 00:00:00,8.9506e-05,0.161111111,L,1800,1800,3449.932804,1.916629336
,41,C-L0005      ,"CODIBOR-L, 5 L",2026-05-06 00:00:00,7.8125e-05,0.125,L,1600,1600,3053.816466,1.908635291
,41,C-L0005      ,"CODIBOR-L, 5 L",2026-07-21 00:00:00,6.9444e-05,0.0625,L,900,900,1792.775368,1.991972631
,41,C-L0005      ,"CODIBOR-L, 5 L",2026-08-31 00:00:00,5.9524e-05,0.125,L,2100,2100,3992.293471,1.901092129
,41,C-L0020      ,"CODIBOR-L, 20 L",2026-02-13 00:00:00,4.1956e-05,0.080555556,L,1920,1920,3400.9008,1.7713025
,41,CM3M0005,"TENSOLINE-MAX, 5 L",2026-01-27 00:00:00,0.000520833,0.020833333,L,40,40,90.31255026,2.257813756
,41,CM3M0005,"TENSOLINE-MAX, 5 L",2026-03-10 00:00:00,0.000121528,0.004861111,L,40,40,77.36131061,1.934032765
,41,C-MB0001     ,"CODIFOL-MB, 1 L",2026-01-14 00:00:00,0.000138889,0.041666667,L,300,300,1235.088163,4.116960542
,41,C-MB0005     ,"CODIFOL-MB, 5 L",2026-02-05 00:00:00,6.1343e-05,0.073611111,L,1200,1200,4487.908114,3.739923429
,41,C-MB0005     ,"CODIFOL-MB, 5 L",2026-03-26 00:00:00,3.3333e-05,0.033333333,L,1000,1000,3592.23481,3.59223481
,41,C-MB0005     ,"CODIFOL-MB, 5 L",2026-03-26 00:00:00,3.8194e-05,0.038194444,L,1000,1000,3606.285155,3.606285155
,41,C-MB0005     ,"CODIFOL-MB, 5 L",2026-05-04 00:00:00,3.2552e-05,0.052083333,L,1600,1600,5720.900157,3.575562598
,41,C-MB0005     ,"CODIFOL-MB, 5 L",2026-07-21 00:00:00,0.000104167,0.083333333,L,800,800,2971.765502,3.714706877
,41,C-MB0005     ,"CODIFOL-MB, 5 L",2026-07-29 00:00:00,5.0813e-05,0.125,L,2460,2460,10617.26291,4.315960533
,41,C-MB0020     ,"CODIFOL-MB, 20 L",2026-02-06 00:00:00,2.9987e-05,0.026388889,L,880,880,3205.653332,3.642787877
,41,C-MB0020     ,"CODIFOL-MB, 20 L",2026-02-19 00:00:00,2.7669e-05,0.035416667,L,1280,1280,4515.483215,3.527721262
,41,C-MB0020     ,"CODIFOL-MB, 20 L",2026-02-23 00:00:00,2.4129e-05,0.028472222,L,1280,1180,4144.469461,3.512262255
,41,C-M-P0001    ,"CODIFOL Mo-PLUS, 1 L",2026-01-14 00:00:00,0.000138889,0.041666667,L,300,300,2518.151259,8.393837529
,41,C-M-P0005    ,"CODIFOL MO-PLUS, 5 L",2026-02-16 00:00:00,0.000694444,0.013888889,L,20,20,169.4617201,8.473086006
,41,C-M-P0005    ,"CODIFOL MO-PLUS, 5 L",2026-03-17 00:00:00,0.000347222,0.006944444,L,20,20,163.9964798,8.199823992
,41,C-M-P0005    ,"CODIFOL MO-PLUS, 5 L",2026-03-26 00:00:00,0.000173611,0.006944444,L,40,40,322.4579601,8.061449001
,41,C-M-P0005    ,"CODIFOL-MO-PLUS, 5 L",2026-04-23 00:00:00,4.0064e-05,0.020833333,L,500,520,4143.947321,7.969129463
,41,C-M-P0005    ,"CODIFOL-MO-PLUS, 5 L",2026-07-29 00:00:00,0.000125,0.125,L,1000,1000,8520.540911,8.520540911
,41,C-M-P0020    ,"CODIFOL MO-PLUS, 20 L",2026-03-17 00:00:00,0.000173611,0.003472222,L,20,20,159.4103373,7.970516866
,41,CODIR1000,"CODIRESIST, 1000 L",2026-05-07 00:00:00,1.6667e-05,0.016666667,L,1000,1000,1155.760999,1.155760999
,41,CPLUS0020,"CALCIPLUS, 20 L",2026-01-02 00:00:00,3.7879e-05,0.041666667,LT,1100,1100,868.9794693,0.789981336
,41,CPLUS0020,"CALCIPLUS, 20 L",2026-01-22 00:00:00,2.7964e-05,0.083333333,LT,2980,2980,2293.423217,0.769605106
,41,CPLUS0020,"CALCIPLUS, 20 L",2026-02-03 00:00:00,3.0382e-05,0.097222222,LT,3200,3200,2457.297376,0.76790543
,41,CPLUS0020,"CALCIPLUS, 20 L",2026-03-18 00:00:00,3.2277e-05,0.183333333,LT,5680,5680,4312.728195,0.759283133
,41,CPLUS0020,"CALCIPLUS, 20 L",2026-05-11 00:00:00,4.2207e-05,0.140972222,LT,3340,3340,2756.809159,0.825391964
,41,CPLUS0020,"CALCIPLUS, 20 L",2026-06-23 00:00:00,4.9603e-05,0.041666667,LT,840,840,701.9763653,0.835686149
,41,CPLUS0020,"CALCIPLUS, 20 L",2026-07-01 00:00:00,3.811e-05,0.0625,LT,1640,1640,1371.598723,0.836340685
,41,CPLUS0020,"CALCIPLUS, 20 L",2026-07-10 00:00:00,3.9062e-05,0.125,LT,3200,3200,2815.613659,0.879879269
,41,CPLUS0020,"CALCIPLUS, 20 L",2026-07-27 00:00:00,5.6306e-05,0.083333333,LT,1480,1480,1301.241182,0.879217015
,41,CPLUS0020,"CALCIPLUS, 20 L",2026-07-30 00:00:00,1.5647e-05,0.145833333,LT,9320,9320,6281.490278,0.673979644
,41,CPLUS0200,"CALCIPLUS, 200 L",2026-03-18 00:00:00,3.4722e-05,0.006944444,L,200,200,152.3909507,0.761954753
,41,CPLUS1000,"CALCIPLUS, 1000 L",2026-01-14 00:00:00,4.1667e-05,0.041666667,L,2000,2000,1248.819881,0.62440994
,41,CSIL0001,"FITOKONTROL-K, 1 L",2026-07-23 00:00:00,0.000333333,0.016,LT,48,48,99.62061869,2.075429556
,41,CSIL0005,"FITOKONTROL-K, 5 L",2026-02-04 00:00:00,0.000115741,0.034722222,L,300,300,449.8483221,1.499494407
,41,CSIL0005,"FITOKONTROL-K, 5 L",2026-07-28 00:00:00,0,0,LT,600,600,755.9359903,1.259893317
,41,CSIL0020,"FITOKONTROL-K, 20 L",2026-04-09 00:00:00,3.1566e-05,0.006944444,L,220,220,296.5756121,1.348070964
,41,CSIL0020,"FITOKONTROL-K, 20 L",2026-05-20 00:00:00,3.2552e-05,0.020833333,L,640,640,899.42112,1.4053455
,41,CSIL0020,"FITOKONTROL-K, 20 L",2026-06-15 00:00:00,0.000142974,0.291666667,L,2040,2040,3033.879716,1.487195939
,41,CSIL1000,"FITOKONTROL -K, 1000 L",2026-01-14 00:00:00,1.9608e-05,0.333333333,L,17000,17000,19414.82945,1.142048791
,41,CSIL1000,"FITOKONTROL -K, 1000 L",2026-02-19 00:00:00,7.353e-06,0.125,L,17000,17000,20522.8705,1.207227676
,41,CSIL1000,"FITOKONTROL -K, 1000 L",2026-03-26 00:00:00,1.6667e-05,0.283333333,L,17000,17000,20284.63853,1.193214031
,41,CSIL1000,"FITOKONTROL-K, 1000 L",2026-04-16 00:00:00,1.6667e-05,0.283333333,L,17000,17000,20717.07013,1.218651184
,41,F-A0001      ,"FITOLIN-AGRO, 1 L",2026-02-16 00:00:00,0.000122549,0.125,L,1020,1020,2279.561088,2.234863812
,41,F-A0001      ,"FITOLIN-AGRO, 1 L",2026-02-16 00:00:00,0.000122755,0.583333333,L,4752,4752,10563.65538,2.222991452
,41,F-A0005      ,"FITOLIN-AGRO, 5 L",2026-02-17 00:00:00,4.7515e-05,0.036111111,L,760,760,1358.119634,1.786999519
,41,F-A0005      ,"FITOLIN-AGRO, 5 L",2026-08-05 00:00:00,6.9444e-05,0.041666667,L,600,600,1404.232262,2.340387104
,41,F-A1000      ,"FITOLIN AGRO, 1000 L ",2026-02-25 00:00:00,8.681e-06,0.017361111,L,2000,2000,2935.431501,1.467715751
,41,F-A1000      ,"FITOLIN AGRO, 1000 L ",2026-05-15 00:00:00,1.8287e-05,0.054861111,L,2000,3000,7681.979646,2.560659882
,41,F-A1000      ,"FITOLIN AGRO, 1000 L ",2026-06-02 00:00:00,6.944e-06,0.006944444,L,1000,1000,2059.846658,2.059846658
,41,F-AA00,FITOLÍN ALEMANIA GRANEL,2026-09-01 00:00:00,0,0,L,1000,1000,1951.983105,1.951983105
,41,FIORI1000,"RADIFIORI, 1000 L",2026-02-02 00:00:00,2.0833e-05,0.0625,L,3000,3000,1891.02663,0.63034221
,41,FIORI1000,"RADIFIORI, 1000 L",2026-03-05 00:00:00,3.472e-06,0.010416667,L,3000,3000,1770.1266,0.5900422
,41,FIORI1000,"RADIFIORI, 1000 L",2026-05-14 00:00:00,1.6667e-05,0.05,L,3000,3000,2174.88887,0.724962957
,41,FIORI1000,"RADIFIORI, 1000 L",2026-06-23 00:00:00,2.7778e-05,0.083333333,L,3000,3000,2671.94784,0.89064928
,41,FLOR0001,"FLORAMEC, 1 LTR.",2026-01-16 00:00:00,0.000105219,0.208333333,L,1980,1980,2671.888234,1.349438502
,41,FLOR0001,"FLORAMEC, 1 LTR.",2026-02-25 00:00:00,0.000115741,0.083333333,L,720,720,953.875018,1.324826414
,41,FLOR0001,"FLORAMEC, 1 LTR.",2026-05-18 00:00:00,0.000333333,0.44,L,1320,1320,1917.905707,1.452958869
,41,FLOR0001,"FLORAMEC, 1 LTR.",2026-06-04 00:00:00,0.000105219,0.083333333,L,1320,792,1384.609806,1.748244704
,41,FLOR0001,"FLORAMEC, 1 LTR.",2026-06-04 00:00:00,0.0001381,0.072916667,L,528,528,749.7331539,1.419949155
,41,FLOR0001,"FLORAMEC, 1 LTR.",2026-07-15 00:00:00,0.000105219,0.083333333,L,792,792,1101.074018,1.390244972
,41,FLOR0001,"FLORAMEC, 1 LTR.",2026-08-24 00:00:00,0.000841751,0.666666667,L,792,792,1526.608141,1.927535532
,41,FLOR0001,"FLORAMEC, 1 LTR.",2026-08-25 00:00:00,0.000306373,0.125,L,408,408,620.7205576,1.521373916
,41,FLOR0020     ,"FLORAMEC, 20 L",2026-03-06 00:00:00,2.3329e-05,0.029861111,L,1280,1280,968.620336,0.756734637
,41,FLOR0020     ,"FLORAMEC, 20 L",2026-05-06 00:00:00,3.2552e-05,0.020833333,L,640,640,509.8775808,0.79668372
,41,FLOR0020     ,"FLORAMEC, 20 L",2026-05-07 00:00:00,0.000119048,0.083333333,L,640,700,620.5348801,0.8864784
,41,FLOR0020     ,"FLORAMEC, 20 L",2026-07-29 00:00:00,2.3148e-05,0.006944444,L,300,300,234.3246002,0.781082001
,41,FLOR0200,"FLORAMEC, 200 L",2026-02-16 00:00:00,2.0833e-05,0.004166667,L,200,200,162.8140584,0.814070292
,41,FLORCR0001,"FLORAMEC CR, 1 L",2026-02-04 00:00:00,0.000163966,0.129861111,L,792,792,997.7845788,1.259829014
,41,FLORCR0005,"FLORAMEC CR, 5 L",2026-01-21 00:00:00,0.000104167,0.083333333,L,800,800,694.3057442,0.86788218
,41,FLORCR0005,"FLORAMEC CR, 5 L",2026-05-07 00:00:00,5.2083e-05,0.020833333,L,400,400,313.9546376,0.784886594
,41,FLORCR0020,"FLORAMEC CR, 20 L",2026-05-28 00:00:00,6.9444e-05,0.027777778,L,400,400,293.7630931,0.734407733
,41,FLORCR1000,"FLORAMEC CR, 1000 L",2026-01-12 00:00:00,2.0833e-05,0.041666667,L,2000,2000,1057.938992,0.528969496
,41,F-MIX0005,"FITOLIN-MIX, 5 L",2026-07-08 00:00:00,8.3333e-05,0.083333333,L,1000,1000,2426.126089,2.426126089
,41,F-MIX0020,"FITOLIN-MIX, 20 L",2026-09-01 00:00:00,4.1667e-05,0.041666667,L,1000,1000,2033.452499,2.033452499
,41,FROST-P0001,"CODIFROST PLUS, 1 L",2026-07-16 00:00:00,0.000263047,0.104166667,L,396,396,1019.422989,2.574300477
,41,FROST-P0020,"CODIFROST PLUS, 20 L",2026-03-20 00:00:00,0.000138889,0.013888889,L,100,100,190.2533424,1.902533424
,41,FROST-P0020,"CODIFROST PLUS, 20 L",2026-03-23 00:00:00,0.000173611,0.003472222,L,20,20,39.08760579,1.954380289
,41,FROST-P0020,"CODIFROST PLUS, 20 L",2026-04-09 00:00:00,0.0003125,0.03125,L,100,100,205.3258329,2.053258329
,41,FROST-P0020,"CODIFROST PLUS, 20 L",2026-04-13 00:00:00,3.8194e-05,0.015277778,L,400,400,892.1543689,2.230385922
,41,FU0001       ,"FULVIGIN, 1 L",2026-02-04 00:00:00,0.000868056,0.020833333,L,24,24,55.32672075,2.305280031
,41,FU0001       ,"FULVIGIN, 1 L",2026-02-25 00:00:00,0.000322421,0.054166667,L,168,168,296.1058701,1.762534941
,41,FU0001       ,"FULVIGIN, 1 L",2026-05-12 00:00:00,0.000496032,0.25,L,504,504,885.9596666,1.757856481
,41,FU0001       ,"FULVIGIN, 1 L",2026-05-20 00:00:00,0.000230087,0.229166667,L,996,996,1704.925053,1.711772141
,41,FU0001       ,"FULVIGIN, 1 L",2026-05-29 00:00:00,0.00020917,0.208333333,L,996,996,1683.083508,1.689842879
,41,FU0001       ,"FULVIGIN, 1 L",2026-08-12 00:00:00,0.000178063,0.027777778,L,156,156,284.6471771,1.824661392
,41,FU0001       ,"FULVIGIN, 1 L",2026-08-12 00:00:00,0.000180162,0.114583333,L,636,636,1176.919067,1.850501678
,41,FU0005       ,"FULVIGIN, 5 L",2026-04-14 00:00:00,0.000122396,0.097916667,LT,800,800,978.6928803,1.2233661
,41,FU0005       ,"FULVIGIN, 5 L",2026-06-10 00:00:00,5.2083e-05,0.083333333,LT,1600,1600,1750.124255,1.093827659
,41,FU0020       ,"FULVIGIN, 20 L",2026-03-03 00:00:00,2.5463e-05,0.045833333,L,1800,1800,1873.522796,1.040845998
,41,FU0020       ,"FULVIGIN, 20 L",2026-03-27 00:00:00,2.1701e-05,0.041666667,L,1920,1920,1959.103553,1.020366434
,41,FU0020       ,"FULVIGIN, 20 L",2026-06-12 00:00:00,2.0833e-05,0.083333333,L,4000,4000,4225.699177,1.056424794
,41,G0001        ,"GREEN-UP EXPORTACION, 1 L",2026-01-27 00:00:00,0.000126263,0.083333333,L,660,660,1410.859347,2.137665677
,41,G0001        ,"GREEN-UP EXPORTACION, 1 L",2026-02-05 00:00:00,0.000147306,0.097222222,L,660,660,1416.222478,2.145791634
,41,G0001        ,"GREEN-UP EXPORTACION, 1 L",2026-02-06 00:00:00,0.000157828,0.125,L,792,792,1700.869795,2.147562872
,41,G0001        ,"GREEN-UP EXPORTACION, 1 L",2026-05-29 00:00:00,0.000228851,0.302083333,L,1320,1320,2974.401436,2.253334421
,41,G0005        ,"GREEN-UP EXPORTACION, 5 L",2026-01-20 00:00:00,7.8125e-05,0.0625,L,800,800,1356.30011,1.695375138
,41,G0020        ,"GREEN-UP EXPORTACION, 20 L",2026-01-19 00:00:00,6.5104e-05,0.041666667,L,640,640,1018.777501,1.591839845
,41,G0020        ,"GREEN-UP EXPORTACION, 20 L",2026-05-15 00:00:00,0.000325521,0.208333333,L,640,640,1159.163956,1.811193682
,41,G0020        ,"GREEN-UP EXPORTACION, 20 L",2026-07-20 00:00:00,3.2552e-05,0.020833333,L,640,640,1048.801319,1.638752061
,41,G1000        ,"GREEN-UP EXPORTACION, 1000 L",2026-05-29 00:00:00,1.3889e-05,0.013888889,L,1000,1000,1473.06639,1.47306639
,41,G30001,"GREEN-UP, 1 L",2026-01-23 00:00:00,0.000868056,0.010416667,L,12,12,34.90525247,2.908771039
,41,G30001,"GREEN-UP, 1 L",2026-01-27 00:00:00,0.001157407,0.013888889,L,12,12,37.67275229,3.139396024
,41,G30001,"GREEN-UP, 1 L",2026-06-16 00:00:00,0.000333333,0.001333333,L,4,4,9.964345462,2.491086365
,41,G30001,"GREEN-UP, 1 L",2026-08-25 00:00:00,0.000134582,0.069444444,L,516,516,1266.703249,2.454851258
,41,G30005,"GREEN-UP, 5 L",2026-07-10 00:00:00,4.8611e-05,0.029166667,L,600,600,1157.752184,1.929586973
,41,G30020,"GREEN-UP, 20 L",2026-02-03 00:00:00,2.1701e-05,0.027777778,L,1280,1280,2254.766505,1.761536332
,41,G30020,"GREEN-UP, 20 L",2026-02-06 00:00:00,2.9297e-05,0.0375,L,1280,1280,2233.125447,1.744629255
,41,G30020,"GREEN-UP, 20 L",2026-04-21 00:00:00,2.1701e-05,0.055555556,L,2560,2560,4470.94343,1.746462277
,41,G30020,"GREEN-UP, 20 L",2026-05-05 00:00:00,3.6169e-05,0.138888889,L,3840,3840,6776.840961,1.764802333
,41,G30020,"GREEN-UP, 20 L",2026-07-01 00:00:00,3.2552e-05,0.041666667,L,1280,1280,2294.935446,1.792918317
,41,G30020,"GREEN-UP, 20 L",2026-07-14 00:00:00,3.2552e-05,0.041666667,L,1280,1280,2326.183437,1.81733081
,41,G30200,"GREEN-UP, 200 L",2026-05-06 00:00:00,1.7361e-05,0.003472222,(en blanco),200,200,50.90960995,0.25454805
,41,G30200,"GREEN-UP, 200 L",2026-05-11 00:00:00,3.4722e-05,0.013888889,(en blanco),400,400,675.1724203,1.687931051
,41,G30200,"GREEN-UP, 200 L",2026-05-27 00:00:00,5.2083e-05,0.020833333,(en blanco),400,400,680.7074199,1.70176855
,41,G30200,"GREEN-UP, 200 L",2026-06-12 00:00:00,3.4722e-05,0.006944444,(en blanco),200,200,336.7133197,1.683566598
,41,GRE10001,"TONAZ, 1 L",2026-02-04 00:00:00,0.000114698,0.458333333,(en blanco),3996,3996,9453.454432,2.365729337
,41,GRE10005,"TONAZ, 5 L",2026-01-26 00:00:00,4.6875e-05,0.1875,L,4000,4000,7161.983283,1.790495821
,41,GRE20001,"EGERSIS, 1 L",2026-02-02 00:00:00,0.000111289,0.416666667,(en blanco),3744,3744,8963.970389,2.39422286
,41,GRE20005,"EGERSIS, 5 L",2026-01-27 00:00:00,5.2083e-05,0.083333333,L,1600,1600,2989.674519,1.868546574
,41,HST0005,"HIDROSTRESS, 5 L",2026-03-26 00:00:00,5.2083e-05,0.03125,L,600,600,1666.032405,2.776720675
,41,HST0005,"HIDROSTRESS-40, 5 L",2026-05-14 00:00:00,5.2083e-05,0.083333333,L,1600,1600,4551.703118,2.844814449
,41,HST0005,"HIDROSTRESS-40, 5 L",2026-06-22 00:00:00,5.2083e-05,0.125,L,2400,2400,6974.393721,2.905997384
,41,HST0005,"HIDROSTRESS-40, 5 L",2026-08-12 00:00:00,0.000173611,0.006944444,L,40,40,120.6833997,3.017084993
,41,HST0005,"HIDROSTRESS-40, 5 L",2026-08-28 00:00:00,6.9444e-05,0.013888889,L,200,200,589.4120004,2.947060002
,41,HST0020,"HIDROSTRESS, 20 L",2026-02-06 00:00:00,3.4722e-05,0.016666667,L,480,480,1314.15656,2.737826167
,41,HST0020,"HIDROSTRESS, 20 L",2026-02-26 00:00:00,2.5499e-05,0.032638889,L,1280,1280,3395.178178,2.652482952
,41,HST0020,"HIDROSTRESS, 20 L",2026-03-25 00:00:00,1.0851e-05,0.006944444,L,640,640,1681.850332,2.627891143
,41,HST0020,"HIDROSTRESS-40, 20 L",2026-04-21 00:00:00,1.6404e-05,0.041666667,L,2540,2540,6695.57506,2.636053173
,41,HST0020,"HIDROSTRESS-40, 20 L",2026-04-28 00:00:00,1.8437e-05,0.041666667,L,2260,2260,5939.094011,2.627917704
,41,HST0020,"HIDROSTRESS-40, 20 L",2026-06-18 00:00:00,2.1701e-05,0.041666667,L,1920,1920,5314.266819,2.767847302
,41,HST0020,"HIDROSTRESS-40, 20 L",2026-07-09 00:00:00,2.5407e-05,0.020833333,L,820,820,2315.669332,2.82398699
,41,JF0001,"CODIGIN-FOS, 1 L",2026-02-16 00:00:00,7.5231e-05,0.009027778,L,120,120,183.2389053,1.526990877
,41,JF0001,"CODIGIN-FOS, 1 L",2026-05-21 00:00:00,0.001388889,0.083333333,L,60,60,152.6681343,2.544468905
,41,JF0001,"CODIGIN-FOS, 1 L",2026-06-16 00:00:00,0.000333333,0.001333333,L,4,4,6.941607072,1.735401768
,41,JF0005,"CODIGIN-FOS, 5 L",2026-01-12 00:00:00,5.2083e-05,0.104166667,L,2000,2000,1929.951283,0.964975642
,41,JF0005,"CODIGIN-FOS, 5 L",2026-03-26 00:00:00,0.000138889,0.041666667,L,300,300,328.6211156,1.095403719
,41,JF0005,"CODIGIN-FOS, 5 L",2026-05-07 00:00:00,0.000104167,0.020833333,L,200,200,205.4717571,1.027358786
,41,JF0005,"CODIGIN-FOS, 5 L",2026-05-21 00:00:00,5.2083e-05,0.010416667,L,200,200,224.7400508,1.123700254
,41,JF0005,"CODIGIN-FOS, 5 L",2026-06-22 00:00:00,5.2083e-05,0.03125,L,600,600,690.174706,1.150291177
,41,JF0005,"CODIGIN-FOS, 5 L",2026-07-20 00:00:00,0.00015625,0.125,L,800,800,993.6419651,1.242052456
,41,JF0005,"CODIGIN-FOS, 5 L",2026-07-21 00:00:00,6.9444e-05,0.041666667,L,600,600,241.8866885,0.403144481
,41,JF0005,"CODIGIN-FOS, 5 L",2026-07-24 00:00:00,6.9444e-05,0.041666667,L,600,600,635.2642208,1.058773701
,41,JF0020,"CODIGIN-FOS, 20 L",2026-02-16 00:00:00,3.3436e-05,0.018055556,L,540,540,468.7226003,0.868004815
,41,JF0020,"CODIGIN-FOS, 20 L",2026-02-26 00:00:00,3.2552e-05,0.041666667,L,1280,1280,1125.453493,0.879260542
,41,JF0020,"CODIGIN-FOS, 20 L",2026-04-20 00:00:00,5.1546e-05,0.1,L,1940,1940,1669.687118,0.860663463
,41,JF0020,"CODIGIN-FOS, 20 L",2026-05-21 00:00:00,5.2083e-05,0.125,L,2400,2400,2401.71167,1.000713196
,41,JF0020,"CODIGIN-FOS, 20 L",2026-05-27 00:00:00,5.8357e-05,0.138888889,L,2380,2380,2502.820437,1.051605226
,41,JF0020,"CODIGIN-FOS, 20 L",2026-07-14 00:00:00,6.5104e-05,0.083333333,L,1280,1280,1360.997152,1.063279025
,41,JF0020,"CODIGIN-FOS, 20 L",2026-07-29 00:00:00,3.8052e-05,0.055555556,L,1460,1460,1644.880151,1.12663024
,41,JF1000,"CODIGIN-FOS, 1000 L",2026-04-17 00:00:00,6.944e-06,0.006944444,(en blanco),1000,1000,668.7232785,0.668723278
,41,LP0005       ,"LAVAPLANT, 5 L",2026-08-14 00:00:00,0.000347222,0.013888889,L,40,40,73.9826668,1.84956667
,41,MPH0001      ,"MOJALINE NL, 1 L",2026-02-24 00:00:00,0.000209224,0.032638889,L,156,156,495.6677735,3.177357522
,41,MPH0001      ,"MOJALINE NL, 1 L",2026-08-06 00:00:00,0.000496032,0.041666667,L,84,84,137.8858347,1.641498033
,41,MPH0001      ,"MOJALINE NL, 1 L",2026-08-25 00:00:00,0.000199039,0.157638889,L,792,792,1188.753308,1.500951147
,41,MPH0005      ,"MOJALINE NL, 5 L",2026-08-06 00:00:00,7.4405e-05,0.020833333,L,280,280,255.1306268,0.91118081
,41,N0001        ,"NUTRICALE, 1 L",2026-05-26 00:00:00,0.000578704,0.013888889,L,24,24,42.39775356,1.766573065
,41,N0001        ,"NUTRICALE, 1 L",2026-06-03 00:00:00,0.000263047,0.034722222,L,132,132,212.0316519,1.606300393
,41,N0005        ,"NUTRICALE, 5 L",2026-03-17 00:00:00,6.9444e-05,0.006944444,L,100,100,97.040854,0.97040854
,41,N0005        ,"NUTRICALE, 5 L",2026-06-02 00:00:00,6.9444e-05,0.020833333,L,300,300,306.2574602,1.020858201
,41,N0005        ,"NUTRICALE, 5 L",2026-07-01 00:00:00,0.000173611,0.006944444,L,40,40,42.65850015,1.066462504
,41,N0020        ,"NUTRICALE, 20 L",2026-03-25 00:00:00,2.2244e-05,0.056944444,L,2560,2560,2096.657745,0.819006932
,41,N0020        ,"NUTRICALE, 20 L",2026-04-24 00:00:00,1.9531e-05,0.0625,L,3200,3200,2687.500233,0.839843823
,41,N0200        ,"NUTRICALE, 200 L",2026-03-25 00:00:00,1.8056e-05,0.018055556,L,1000,1000,810.4163103,0.81041631
,41,N0200        ,"NUTRICALE, 200 L",2026-04-17 00:00:00,6.9444e-05,0.041666667,L,600,600,514.6569566,0.857761594
,41,N0200        ,"NUTRICALE, 200 L",2026-04-24 00:00:00,2.6042e-05,0.010416667,L,400,400,329.1889564,0.822972391
,41,NB1000,"NITROBALANCE, 1000 L",2026-03-02 00:00:00,4.1667e-05,0.041666667,L,1000,1000,2822.2748,2.8222748
,41,NB1000,"NITROBALANCE, 1000 L",2026-06-09 00:00:00,6.944e-06,0.006944444,L,1000,1000,2958.89289,2.95889289
,41,NI0005       ,"NUTRICAL ITALIA , 5 L",2026-05-07 00:00:00,4.6296e-05,0.027777778,L,600,600,571.9045449,0.953174241
,41,P-5X0005     ,"P.M.S. 5x, 5 L",2026-08-10 00:00:00,0.000155093,0.093055556,L,600,600,635.3760134,1.058960022
,41,P-5X0020     ,"P.M.S. 5x, 20 L",2026-03-23 00:00:00,2.4802e-05,0.006944444,L,280,280,211.0323512,0.753686969
,41,P-5X0020     ,"P.M.S. 5x, 20 L",2026-03-24 00:00:00,2.2894e-05,0.041666667,L,1820,1820,1308.257765,0.718822948
,41,P-5X0020     ,"P.M.S. 5x, 20 L",2026-04-29 00:00:00,2.7941e-05,0.071527778,L,2560,2560,2171.367487,0.848190425
,41,P-5X0020     ,"P.M.S. 5x, 20 L",2026-05-26 00:00:00,3.7538e-05,0.083333333,L,2220,2220,1937.371081,0.872689676
,41,P-5X1000     ,"P.M.S. 5x, 1000 L",2026-02-09 00:00:00,4.1667e-05,0.041666667,L,1000,1000,589.0767533,0.589076753
,41,P-5X1000     ,"P.M.S. 5x, 1000 L",2026-08-10 00:00:00,1.3889e-05,0.013888889,L,1000,1000,719.1260476,0.719126048
,41,PHD0001      ,"PH-DOWNER, 1 L  ",2026-01-15 00:00:00,0.000277778,0.083333333,L,300,300,594.7710915,1.982570305
,41,PHD0001      ,"PH-DOWNER, 1 L  ",2026-05-28 00:00:00,0.000189394,0.25,L,1320,1320,2570.674216,1.947480467
,41,PHD0005      ,"PH-DOWNER, 5 L   ",2026-08-17 00:00:00,0.000347222,0.006944444,L,20,20,32.50247971,1.625123985
,41,PHD0005      ,"PH-DOWNER, 5 L   ",2026-08-28 00:00:00,0.000231481,0.013888889,L,60,60,103.7498462,1.729164103
,41,PHD0005      ,"PH-DOWNER, 5 L   ",2026-08-31 00:00:00,6.9444e-05,0.041666667,L,600,600,913.621052,1.522701753
,41,PHD0020      ,"PH-DOWNER, 20 L   ",2026-05-06 00:00:00,5.6525e-05,0.048611111,L,860,860,1130.978202,1.315090932
,41,PHD0020      ,"PH-DOWNER, 20 L   ",2026-05-13 00:00:00,4.1667e-05,0.020833333,L,500,500,671.5756449,1.34315129
,41,PIV0020      ,"PGR IV, 20 L",2026-03-03 00:00:00,2.3499e-05,0.046527778,L,1980,1980,1297.52912,0.655317737
,41,PIV0020      ,"PGR IV, 20 L",2026-08-06 00:00:00,2.293e-05,0.048611111,L,2120,2120,1462.127687,0.689682871
,41,PIV0020      ,"PGR IV, 20 L",2026-08-10 00:00:00,3.2468e-05,0.05,L,1540,1540,1191.377227,0.773621576
,41,PIV0200,"PGR IV, 200 Lts.",2026-02-16 00:00:00,3.125e-05,0.00625,L,200,200,146.3271783,0.731635891
,41,PK500001,"POLIFRUIT K50, 1 L",2026-05-11 00:00:00,0.00016835,0.333333333,L,1980,1980,4074.625414,2.057891623
,41,PK500001,"POLIFRUIT K50, 1 L",2026-05-30 00:00:00,0.000147306,0.097222222,L,660,660,1358.151603,2.057805459
,41,PK500001,"POLIFRUIT K50, 1 L",2026-07-03 00:00:00,0.000333333,0.008,L,24,24,53.52758737,2.23031614
,41,PK500005,"POLIFRUIT K50, 5 L",2026-07-21 00:00:00,3.4722e-05,0.020833333,L,600,600,955.0323502,1.591720584
,41,PK500020,"POLIFRUIT K50, 20 L",2026-01-20 00:00:00,6.5104e-05,0.041666667,L,640,640,981.1045281,1.532975825
,41,PK500020,"POLIFRUIT K50, 20 L",2026-06-05 00:00:00,4.3403e-05,0.041666667,L,960,960,1455.20425,1.51583776
,41,PK500020,"POLIFRUIT K50, 20 L",2026-06-05 00:00:00,6.5104e-05,0.020833333,L,320,320,625.3600526,1.954250164
,41,PK500020,"POLIFRUIT K50, 20 L",2026-07-20 00:00:00,2.1701e-05,0.013888889,L,640,640,1093.920829,1.709251295
,41,PML0001,"POLIGREEN MIX L, 1 L",2026-05-13 00:00:00,0.000252525,0.166666667,L,660,660,1269.563218,1.923580634
,41,PT0001       ,"AGROPOTASION, 1 L",2026-01-09 00:00:00,0.000157828,0.041666667,L,264,264,410.7100759,1.555719984
,41,PT0001       ,"AGROPOTASION, 1 L",2026-01-21 00:00:00,6.7641e-05,0.125,L,1848,1848,2773.075739,1.50058211
,41,PT0001       ,"AGROPOTASION, 1 L",2026-02-17 00:00:00,0.000105219,0.25,L,2376,2376,3660.338636,1.540546564
,41,PT0001       ,"AGROPOTASION, 1 L",2026-02-17 00:00:00,0.000138889,0.041666667,L,300,300,464.365546,1.547885153
,41,PT0001       ,"AGROPOTASION, 1 L",2026-05-27 00:00:00,0.00022096,0.291666667,L,1320,1320,2127.556936,1.611785558
,41,PT0001       ,"AGROPOTASION, 1 L",2026-08-14 00:00:00,0.000138889,0.041666667,L,300,300,530.1881018,1.767293673
,41,PT0001       ,"AGROPOTASION, 1 L",2026-08-14 00:00:00,0.000207713,0.139583333,L,672,672,1178.802719,1.754170712
,41,PT0001       ,"AGROPOTASION, 1 L",2026-08-24 00:00:00,0.000162212,0.770833333,L,4752,4752,8393.183681,1.766242357
,41,PT0005       ,"AGROPOTASION, 5 L",2026-03-30 00:00:00,4.0509e-05,0.024305556,L,600,600,637.6861815,1.062810302
,41,PT0005       ,"AGROPOTASION, 5 L",2026-03-30 00:00:00,6.9444e-05,0.020833333,L,300,300,333.4968403,1.111656134
,41,PT0005       ,"AGROPOTASION, 5 L",2026-04-22 00:00:00,5.2083e-05,0.125,L,2400,2400,3049.123718,1.270468216
,41,PT0005       ,"AGROPOTASION, 5 L",2026-05-07 00:00:00,4.1667e-05,0.125,L,3000,3000,2071.6778,0.690559267
,41,PT0005       ,"AGROPOTASION, 5 L",2026-05-25 00:00:00,5.2083e-05,0.125,L,2400,2400,3103.749699,1.293229041
,41,PT0005       ,"AGROPOTASION, 5 L",2026-06-22 00:00:00,6.9444e-05,0.020833333,L,300,300,391.6382935,1.305460978
,41,PT0005       ,"AGROPOTASION, 5 L",2026-06-26 00:00:00,6.1275e-05,0.041666667,L,680,680,726.995466,1.069110979
,41,PT0005       ,"AGROPOTASION, 5 L",2026-07-21 00:00:00,5.4012e-05,0.097222222,L,1800,1800,2043.232145,1.135128969
,41,PT0005       ,"AGROPOTASION, 5 L",2026-07-29 00:00:00,6.3056e-05,0.315277778,L,5000,5000,6230.844859,1.246168972
,41,PT0005       ,"AGROPOTASION, 5 L",2026-08-04 00:00:00,5.9028e-05,0.047222222,L,800,800,1018.171621,1.272714526
,41,PT0005       ,"AGROPOTASION, 5 L",2026-08-05 00:00:00,5.0843e-05,0.142361111,L,2800,2800,3516.111174,1.255753991
,41,PT0005       ,"AGROPOTASION, 5 L",2026-08-25 00:00:00,9.0664e-05,0.032638889,L,360,360,437.0442606,1.214011835
,41,PT0020       ,"AGROPOTASION, 20 L",2026-01-19 00:00:00,2.6042e-05,0.083333333,L,3200,3200,3183.217887,0.99475559
,41,PT0020       ,"AGROPOTASION, 20 L",2026-01-19 00:00:00,3.2552e-05,0.020833333,L,640,640,638.5637081,0.997755794
,41,PT0020       ,"AGROPOTASION, 20 L",2026-02-02 00:00:00,2.4414e-05,0.125,L,5120,5120,5076.579667,0.991519466
,41,PT0020       ,"AGROPOTASION, 20 L",2026-03-04 00:00:00,2.3438e-05,0.075,L,3200,3200,3172.744351,0.99148261
,41,PT0020       ,"AGROPOTASION, 20 L",2026-03-24 00:00:00,2.1296e-05,0.063888889,L,3000,3000,3340.302012,1.113434004
,41,PT0020       ,"AGROPOTASION, 20 L",2026-03-24 00:00:00,2.7127e-05,0.069444444,L,2560,2560,2382.408772,0.930628427
,41,PT0020       ,"AGROPOTASION, 20 L",2026-04-07 00:00:00,2.0616e-05,0.131944444,L,6400,6400,5922.811931,0.925439364
,41,PT0020       ,"AGROPOTASION, 20 L",2026-04-13 00:00:00,1.718e-05,0.065972222,L,3840,3840,3572.563963,0.930355199
,41,PT0020       ,"AGROPOTASION, 20 L",2026-04-22 00:00:00,2.1701e-05,0.055555556,L,2560,2560,2414.787302,0.94327629
,41,PT0020       ,"AGROPOTASION, 20 L",2026-04-28 00:00:00,2.6042e-05,0.25,L,9600,9600,3508.704165,0.365490017
,41,PT0020       ,"AGROPOTASION, 20 L",2026-05-12 00:00:00,2.5318e-05,0.097222222,L,3840,3840,1556.269484,0.405278511
,41,PT0020       ,"AGROPOTASION, 20 L",2026-05-15 00:00:00,3.0962e-05,0.097222222,L,3140,3140,1284.130307,0.408958697
,41,PT0020       ,"AGROPOTASION, 20 L",2026-05-26 00:00:00,3.1002e-05,0.208333333,L,6720,6720,6803.059262,1.012360009
,41,PT0020       ,"AGROPOTASION, 20 L",2026-07-01 00:00:00,5.2083e-05,0.051666667,L,992,992,1030.984547,1.039298938
,41,PT0020       ,"AGROPOTASION, 20 L",2026-07-13 00:00:00,1.3021e-05,0.166666667,L,12800,12800,12956.81229,1.01225096
,41,PT0020       ,"AGROPOTASION, 20 L",2026-07-16 00:00:00,2.1701e-05,0.013888889,L,640,640,644.0552344,1.006336304
,41,PT0020       ,"AGROPOTASION, 20 L",2026-07-16 00:00:00,2.4113e-05,0.138888889,L,5760,5760,5804.952109,1.007804186
,41,PT0200       ,"AGROPOTASION, 200 L",2026-05-06 00:00:00,1.7361e-05,0.003472222,L,200,200,69.54183715,0.347709186
,41,PT0200       ,"AGROPOTASION, 200 L",2026-05-20 00:00:00,1.7361e-05,0.006944444,L,400,400,371.6342199,0.92908555
,41,PT0200       ,"AGROPOTASION, 200 L",2026-05-25 00:00:00,3.4722e-05,0.006944444,L,200,200,188.5846097,0.942923049
,41,PT0200       ,"AGROPOTASION, 200 L",2026-05-27 00:00:00,3.588e-05,0.021527778,L,600,600,593.8258305,0.989709718
,41,PT0200       ,"AGROPOTASION, 200 L",2026-06-12 00:00:00,3.4722e-05,0.013888889,L,400,400,395.6664401,0.9891661
,41,PT0200       ,"AGROPOTASION, 200 L",2026-06-23 00:00:00,1.3889e-05,0.013888889,L,1000,1000,959.6645497,0.95966455
,41,PT0200       ,"AGROPOTASION, 200 L",2026-07-14 00:00:00,6.9444e-05,0.027777778,L,400,400,405.13602,1.01284005
,41,PT0200       ,"AGROPOTASION, 200 L",2026-07-31 00:00:00,3.4722e-05,0.013888889,L,400,400,402.84102,1.00710255
,41,PT1000       ,"AGROPOTASION, 1000 L",2026-02-25 00:00:00,7.986e-06,0.015972222,L,2000,2000,1594.770319,0.79738516
,41,PT1000       ,"AGROPOTASION, 1000 L",2026-05-11 00:00:00,1.3889e-05,0.013888889,L,1000,1000,235.8865262,0.235886526
,41,PT1000       ,"AGROPOTASION, 1000 L",2026-05-28 00:00:00,6.944e-06,0.020833333,L,3000,3000,2529.23867,0.843079557
,41,P-ZM3.50005  ,"POLIGREEN Zn-Mn 3.5, 5 L",2026-02-24 00:00:00,5.2083e-05,0.041666667,L,800,800,621.4170517,0.776771315
,41,P-ZM3.50020  ,"POLIGREEN Zn-Mn 3.5, 20 L",2026-02-24 00:00:00,3.1467e-05,0.020138889,L,640,640,408.5241477,0.638318981
,41,P-ZM3.50020  ,"POLIGREEN Zn-Mn 3.5, 20 L",2026-03-24 00:00:00,2.7127e-05,0.017361111,L,640,640,405.5101475,0.633609606
,41,P-ZM3.50020  ,"POLIGREEN-ZNMN, 20 L",2026-04-27 00:00:00,3.7977e-05,0.024305556,L,640,640,416.8825279,0.65137895
,41,P-ZM3.50020  ,"POLIGREEN-ZNMN, 20 L",2026-05-07 00:00:00,4.8828e-05,0.09375,L,1920,1920,1349.094971,0.702653631
,41,P-ZM3.50020  ,"POLIGREEN-ZNMN, 20 L",2026-06-12 00:00:00,6.5104e-05,0.041666667,L,640,640,450.3864845,0.703728882
,41,P-ZM3.51000,"POLIGREEN ZNMN 3.5, 1000 L",2026-03-20 00:00:00,0,0,LT,1000,1000,425.9451119,0.425945112
,41,P-ZM3.51000,"POLIGREEN-ZNMN, 1000 L",2026-04-24 00:00:00,0,0,LT,1000,1000,425.933202,0.425933202
,41,RUN0001,"RUN STRESS, 1 L",2026-01-02 00:00:00,0.000173611,0.166666667,L,960,960,4257.135522,4.434516168
,41,RUN0001,"RUN STRESS, 1 L",2026-02-23 00:00:00,7.2338e-05,0.006944444,L,96,96,442.1414712,4.605640325
,41,RUN0001,"RUN STRESS, 1 L",2026-04-01 00:00:00,0.000508558,0.402777778,L,792,792,3733.460069,4.713964733
,41,RUN0001,"RUN STRESS, 1 L",2026-07-03 00:00:00,0.000333333,0.002,L,6,6,27.44977588,4.574962647
,41,RUN0001,"RUN STRESS, 1 L",2026-08-24 00:00:00,0.00025463,0.091666667,L,360,360,1667.758443,4.632662343
,41,RUN0005,"RUN STRESS, 5 L",2026-01-02 00:00:00,8.3333e-05,0.083333333,L,1000,1000,4003.9098,4.0039098
,41,RUN0005,"RUN STRESS, 5 L",2026-02-04 00:00:00,6.4736e-05,0.076388889,L,1180,1180,4804.470805,4.071585428
,41,RUN0005,"RUN STRESS, 5 L",2026-05-04 00:00:00,6.0764e-05,0.048611111,L,800,800,3191.770344,3.98971293
,41,RUN0005,"RUN STRESS, 5 L",2026-08-12 00:00:00,0.000173611,0.013888889,L,80,80,324.0760113,4.050950142
,41,RUN0005,"RUN STRESS, 5 L",2026-08-31 00:00:00,7.8125e-05,0.125,L,1600,1600,6607.834287,4.129896429
,41,RUN0020,"RUN STRESS, 20 L",2026-03-31 00:00:00,4.9603e-05,0.006944444,L,140,140,535.1131533,3.822236809
,41,RUN0020,"RUN STRESS, 20 L",2026-04-30 00:00:00,1.6276e-05,0.010416667,L,640,640,2467.040588,3.854750918
,41,RUN0020,"RUN STRESS, 20 L",2026-05-04 00:00:00,3.2552e-05,0.020833333,L,640,640,2485.990809,3.884360639
,41,RUN1000,"RUNSTRESS, 1000 L",2026-02-23 00:00:00,2.0833e-05,0.041666667,(en blanco),2000,2000,7535.699387,3.767849694
,41,S0005        ,"SALWAX STAR, 5 L",2026-04-29 00:00:00,0.000173611,0.006944444,L,40,40,29.79877129,0.744969282
,41,S0005        ,"SALWAX STAR, 5 L",2026-06-15 00:00:00,6.9444e-05,0.041666667,L,600,600,387.3629774,0.645604962
,41,S0005        ,"SALWAX STAR, 5 L",2026-07-15 00:00:00,0.000119048,0.004761905,L,40,40,46.09999441,1.15249986
,41,S0005        ,"SALWAX STAR, 5 L",2026-07-22 00:00:00,0.000119048,0.004761905,L,40,40,28.68599441,0.71714986
,41,S0005        ,"SALWAX STAR, 5 L",2026-07-27 00:00:00,4.6296e-05,0.041666667,L,900,900,614.150973,0.68238997
,41,S0005        ,"SAL-WAX STAR, 5 L",2026-03-10 00:00:00,0.000416667,0.008333333,L,20,20,17.98306478,0.899153239
,41,S0020        ,"SALWAX STAR, 20 L",2026-04-09 00:00:00,2.1918e-05,0.140277778,L,6400,6400,3227.7054,0.504328969
,41,S0020        ,"SALWAX STAR, 20 L",2026-04-29 00:00:00,2.6042e-05,0.25,L,9600,9600,5385.615378,0.561001602
,41,S0020        ,"SALWAX STAR, 20 L",2026-06-03 00:00:00,1.9531e-05,0.125,L,6400,6400,3625.310256,0.566454727
,41,S0020        ,"SALWAX STAR, 20 L",2026-06-16 00:00:00,3.1566e-05,0.208333333,L,6600,6600,3743.407929,0.56718302
,41,S0020        ,"SALWAX STAR, 20 L",2026-07-01 00:00:00,2.7902e-05,0.125,L,4480,4480,2654.363572,0.592491869
,41,S0020        ,"SALWAX STAR, 20 L",2026-08-10 00:00:00,1.8374e-05,0.088194444,L,4800,4800,2762.485819,0.575517879
,41,S0020        ,"SAL-WAX STAR, 20 L",2026-01-23 00:00:00,2.6042e-05,0.166666667,L,6400,6400,3277.0984,0.512046625
,41,S0020        ,"SAL-WAX STAR, 20 L",2026-02-09 00:00:00,2.4848e-05,0.159027778,L,6400,6400,3206.4099,0.501001547
,41,S0200        ,"SALWAX STAR, 200 L",2026-05-05 00:00:00,2.6042e-05,0.041666667,L,1600,1600,924.0272811,0.577517051
,41,S0200        ,"SALWAX STAR, 200 L",2026-05-06 00:00:00,1.0417e-05,0.041666667,L,4000,4000,2036.450871,0.509112718
,41,S0200        ,"SALWAX STAR, 200 L",2026-06-24 00:00:00,1.4881e-05,0.083333333,L,5600,5600,3094.23439,0.552541855
,41,S0200        ,"SALWAX STAR, 200 L",2026-07-27 00:00:00,1.3021e-05,0.041666667,L,3200,3200,1705.380902,0.532931532
,41,S0200        ,"SALWAX STAR, 200 L",2026-07-31 00:00:00,2.5e-05,0.25,L,10000,10000,5534.103264,0.553410326
,41,S1000        ,"SALWAX STAR, 1000 L",2026-04-09 00:00:00,1.5486e-05,0.154861111,L,10000,10000,3762.594245,0.376259424
,41,S1000        ,"SALWAX STAR, 1000 L",2026-04-29 00:00:00,4.63e-06,0.041666667,L,8000,9000,2908.538408,0.323170934
,41,S1000        ,"SALWAX STAR, 1000 L",2026-05-04 00:00:00,4.167e-06,0.041666667,L,10000,10000,3958.884048,0.395888405
,41,S1000        ,"SALWAX STAR, 1000 L",2026-05-05 00:00:00,3.788e-06,0.041666667,L,11000,11000,3872.613757,0.352055796
,41,S1000        ,"SALWAX STAR, 1000 L",2026-06-16 00:00:00,1.6667e-05,0.016666667,L,1000,1000,399.1366334,0.399136633
,41,S1000        ,"SALWAX STAR, 1000 L",2026-06-18 00:00:00,5.952e-06,0.041666667,L,7000,7000,2893.827696,0.413403957
,41,S1000        ,"SALWAX STAR, 1000 L",2026-06-24 00:00:00,1.0417e-05,0.041666667,L,4000,4000,1405.779269,0.351444817
,41,S1000        ,"SALWAX STAR, 1000 L",2026-06-29 00:00:00,6.944e-06,0.006944444,L,1000,1000,348.918767,0.348918767
,41,S1000        ,"SALWAX STAR, 1000 L",2026-07-09 00:00:00,1.5e-05,0.045,L,3000,3000,996.3513265,0.332117109
,41,S1000        ,"SALWAX STAR, 1000 L",2026-07-10 00:00:00,8.333e-06,0.166666667,L,20200,20000,5068.67649,0.253433824
,41,S1000        ,"SALWAX STAR, 1000 L",2026-07-27 00:00:00,8.333e-06,0.041666667,L,5000,5000,2027.597255,0.405519451
,41,S1000        ,"SALWAX STAR, 1000 L",2026-07-31 00:00:00,8.333e-06,0.125,L,20000,15000,6189.567686,0.412637846
,41,S1000        ,"SALWAX STAR, 1000 L",2026-08-31 00:00:00,3.064e-06,0.052083333,L,17000,17000,5793.925051,0.340819121
,41,S1000        ,"SAL-WAX STAR, 1000 L",2026-01-07 00:00:00,8.333e-06,0.083333333,L,10000,10000,3800.577999,0.3800578
,41,S1000        ,"SAL-WAX STAR, 1000 L",2026-01-08 00:00:00,2.0833e-05,0.041666667,L,2000,2000,785.0415576,0.392520779
,41,S1000        ,"SAL-WAX STAR, 1000 L",2026-01-23 00:00:00,8.681e-06,0.104166667,L,12000,12000,3794.124719,0.31617706
,41,S1000        ,"SAL-WAX STAR, 1000 L",2026-01-23 00:00:00,1.0417e-05,0.020833333,L,2000,2000,615.4341195,0.30771706
,41,S1000        ,"SAL-WAX STAR, 1000 L",2026-02-17 00:00:00,1.0417e-05,0.041666667,L,4000,4000,1499.271794,0.374817948
,41,S1000        ,"SAL-WAX STAR, 1000 L",2026-02-17 00:00:00,2.6823e-05,0.214583333,L,8000,8000,2566.347969,0.320793496
,41,S1000        ,"SAL-WAX STAR, 1000 L",2026-02-18 00:00:00,7.639e-06,0.007638889,L,1000,1000,371.1655501,0.37116555
,41,S1000        ,"SAL-WAX STAR, 1000 L",2026-03-09 00:00:00,8.681e-06,0.104166667,L,12000,12000,3659.9496,0.3049958
,41,SPAR0001,"SPRINTENE ARABIA, 1 L",2026-03-31 00:00:00,0.000210438,0.083333333,L,396,396,1857.663738,4.691070047
,41,SPCE0001     ,"SPRINTENE ABONO CE, 1 L",2026-01-13 00:00:00,0.000157828,0.125,L,792,792,3990.734085,5.038805663
,41,SPCE0001     ,"SPRINTENE ABONO CE, 1 L",2026-01-27 00:00:00,0.000126263,0.25,L,1980,1980,9551.194434,4.823835573
,41,SPCE0001     ,"SPRINTENE ABONO CE, 1 L",2026-04-24 00:00:00,0.000105219,0.166666667,L,1584,1584,8728.772216,5.51058852
,41,SPCE0001     ,"SPRINTENE ABONO CE, 1 L",2026-04-24 00:00:00,0.000126263,0.083333333,L,660,660,3648.058423,5.527361247
,41,SPCE0001     ,"SPRINTENE ABONO CE, 1 L",2026-06-05 00:00:00,0.000140292,0.166666667,L,1188,1188,7544.405545,6.350509718
,41,SPCE0001     ,"SPRINTENE ABONO CE, 1 L",2026-06-08 00:00:00,0.000105219,0.083333333,L,792,792,5010.62703,6.32654928
,41,SPCE0005,SPRINTENE ABONO CE 5 LITROS,2026-02-25 00:00:00,5.9028e-05,0.023611111,LT,400,400,1714.053176,4.28513294
,41,SPCE0020     ,"SPRINTENE ABONO CE, 20 L",2026-02-02 00:00:00,3.2552e-05,0.020833333,L,640,640,2648.019329,4.137530201
,41,SPCE0020     ,"SPRINTENE ABONO CE, 20 L",2026-02-24 00:00:00,4.5573e-05,0.014583333,L,320,320,1332.72372,4.164761625
,41,SPCE0020     ,"SPRINTENE ABONO CE, 20 L",2026-06-17 00:00:00,5.787e-05,0.041666667,L,640,720,3528.350984,4.900487477
,41,SPCE1000,"SPRINTENE ABONO CE, 1000 L",2026-07-31 00:00:00,6.944e-06,0.006944444,L,1000,1000,5558.994066,5.558994066
,41,SPCE2B0001,"SPRINTENE CON BORO, 1 L",2026-01-14 00:00:00,0.000236742,0.375,L,1584,1584,7485.811945,4.725891379
,41,SPCE2B0001,"SPRINTENE CON BORO, 1 L",2026-02-12 00:00:00,0.000222129,1.583333333,L,7128,7128,30826.2008,4.324663411
,41,SPCE2B0001,"SPRINTENE CON BORO, 1 L",2026-02-25 00:00:00,0.000105219,0.083333333,L,792,792,3699.637989,4.671260087
,41,SPCE2B0001,"SPRINTENE CON BORO, 1 L",2026-04-15 00:00:00,0.000184133,1.458333333,L,7920,7920,43423.91331,5.482817337
,41,SPCE2B0001,"SPRINTENE CON BORO, 1 L",2026-05-19 00:00:00,0.0001295,1.333333333,L,10296,10296,56557.10475,5.493114292
,41,SPCE2B0001,"SPRINTENE CON BORO, 1 L",2026-07-06 00:00:00,0.000193831,0.193055556,(en blanco),996,996,5531.072153,5.553285294
,41,SPCE2B0001,"SPRINTENE CON BORO, 1 L",2026-07-27 00:00:00,0.00012435,1.083333333,L,8712,8712,48685.32744,5.588306639
,41,SPCE2B0001,"SPRINTENE CON BORO, 1 L",2026-07-29 00:00:00,0.001041667,0.0625,L,60,60,374.7391935,6.245653225
,41,SPCE2B0001,"SPRINTENE CON BORO, 1 L",2026-08-26 00:00:00,0.000173611,0.041666667,L,240,240,1292.880316,5.387001315
,41,SPCE2B0005,"SPRINTENE CON BORO, 5 L",2026-02-06 00:00:00,0.000607639,0.024305556,L,40,40,215.5524803,5.388812007
,41,SPCE2B0020,"SPRINTENE CON BORO, 20 L",2026-02-02 00:00:00,3.655e-05,0.041666667,L,1140,1140,5512.9681,4.83593693
,41,SPCE2B0020,"SPRINTENE CON BORO, 20 L",2026-02-26 00:00:00,3.2552e-05,0.020833333,L,640,640,2565.808446,4.009075697
,41,SPCE2B0020,"SPRINTENE CON BORO, 20 L",2026-03-27 00:00:00,6.1318e-05,0.057638889,L,940,940,3781.858062,4.023253257
,41,SPCE2B0020,"SPRINTENE CON BORO, 20 L",2026-06-23 00:00:00,9.7222e-05,0.291666667,L,3000,3000,14132.99976,4.710999922
,41,SPCE2B0020,"SPRINTENE CON BORO, 20 L",2026-07-09 00:00:00,4.3403e-05,0.006944444,L,160,160,774.7788947,4.842368092
,41,SPCE2B0020,"SPRINTENE CON BORO, 20 L",2026-07-30 00:00:00,4.7783e-05,0.104166667,L,2820,2180,10715.87775,4.915540253
,41,START20001,"RADISOL STARTER, 1 L",2026-02-20 00:00:00,9.0897e-05,0.215972222,L,2376,2376,5029.812295,2.116924367
,41,START20001,"RADISOL STARTER, 1 L",2026-02-20 00:00:00,0.000273679,0.157638889,L,576,576,1306.354316,2.267976244
,41,START20001,"RADISOL STARTER, 1 L",2026-08-25 00:00:00,0.000153638,0.208333333,L,1356,1356,3200.546512,2.360285039
,41,START20005,"RADISOL STARTER, 5 L",2026-04-22 00:00:00,0.000260417,0.020833333,L,80,80,152.0975774,1.901219717
,41,START20005,"RADISOL STARTER, 5 L",2026-06-29 00:00:00,0.000347222,0.006944444,L,20,20,39.30740009,1.965370004
,41,TRI0001,"TRIFENO-94, 1 L",2026-03-30 00:00:00,0.000208333,0.05,L,240,240,553.9796951,2.30824873
,41,TRI0001,"TRIFENO-94, 1 L",2026-05-08 00:00:00,0.000173611,0.010416667,L,60,60,140.1147152,2.335245253
,41,TRI0001,"TRIFENO-94, 1 L",2026-05-15 00:00:00,0.000208333,0.083333333,L,400,400,937.4304466,2.343576117
,41,TRI0001,"TRIFENO-94, 1 L",2026-07-15 00:00:00,0.000173611,0.125,L,720,720,1657.364818,2.30189558
,41,TRI0001,"TRIFENO-94, 1 L",2026-08-17 00:00:00,0.000128601,0.041666667,L,324,324,764.1482018,2.358482104
,41,TRI0005,"TRIFENO-94, 5L",2026-01-27 00:00:00,8.6806e-05,0.041666667,L,480,480,888.0257592,1.850053665
,41,TRI0005,"TRIFENO-94, 5L",2026-02-24 00:00:00,4.8032e-05,0.057638889,L,1200,1200,2041.484657,1.701237214
,41,TRI0005,"TRIFENO-94, 5L",2026-04-09 00:00:00,0.000520833,0.020833333,L,40,40,83.22265861,2.080566465
,41,TRI0005,"TRIFENO-94, 5L",2026-04-23 00:00:00,4.485e-05,0.107638889,L,2400,2400,4101.279759,1.708866566
,41,VITA0001,"VITA-S, 1 L",2026-01-30 00:00:00,0.000102199,0.613194444,L,6000,6000,15643.47046,2.607245076
,41,VITA0001,"VITA-S, 1 L",2026-05-13 00:00:00,0.000222222,0.666666667,L,3000,3000,7994.337873,2.664779291
,41,VITA0005,"VITA-S, 5 L",2026-01-27 00:00:00,7.8125e-05,0.125,L,1600,1600,3497.847397,2.186154623
,41,VITA0005,"VITA-S, 5 L",2026-05-14 00:00:00,4.1667e-05,0.125,L,3000,3000,6513.174644,2.171058215
,42,A-50(2)0001,"CODIORGAN A-50, 1 KG",2026-02-20 00:00:00,0.000208876,0.106944444,KG,512,512,1029.723784,2.011179265
,42,A-50(2)0001,"CODIORGAN A-50, 1 KG",2026-02-20 00:00:00,0.000224248,0.236805556,KG,1056,1056,2136.848555,2.023530829
,42,A-50(2)0001,"CODIORGAN-A50, 1 KG",2026-05-12 00:00:00,6.25e-05,0.125,KG,2000,2000,3601.357292,1.800678646
,42,A-50(2)0001,"CODIORGAN-A50, 1 KG",2026-08-02 00:00:00,0.000496032,0.166666667,KG,336,336,184.5017807,0.549112442
,42,A-50(2)0001,"CODIORGAN-A50, 1 KG",2026-08-05 00:00:00,0.000315657,0.333333333,KG,1056,1056,1264.466554,1.197411509
,42,A-50(2)0005,"CODIORGAN A-50, 5 KG",2026-01-13 00:00:00,0.000109649,0.333333333,KG,3040,3040,5071.271745,1.668181495
,42,A-50(2)0005,"CODIORGAN A-50, 5 KG",2026-02-06 00:00:00,7.4111e-05,0.375,KG,5060,5060,8434.831971,1.66696284
,42,A-50(2)0005,"CODIORGAN A-50, 5 KG",2026-03-18 00:00:00,9.626e-05,0.486111111,KG,5050,5050,8167.748746,1.617375989
,42,A-50(2)0005,"CODIORGAN-A50, 5 KG",2026-07-08 00:00:00,2.5025e-05,0.083333333,KG,3330,3330,6360.032992,1.909919817
,42,A-50(2)0005,"CODIORGAN-A50, 5 KG",2026-08-28 00:00:00,4.9653e-05,0.099305556,KG,2000,2000,2792.770048,1.396385024
,42,A-50(2)0020,"CODIORGAN A-50, 20 KG",2026-01-13 00:00:00,6.25e-05,0.125,KG,2000,2000,3257.296037,1.628648019
,42,A-50(2)0020,"CODIORGAN A-50, 20 KG",2026-03-18 00:00:00,0.000122917,0.245833333,KG,2000,2000,2536.987904,1.268493952
,42,A-50(2)0020,"CODIORGAN-A50, 20 KG",2026-07-08 00:00:00,0.000104167,0.083333333,KG,800,800,1397.298371,1.746622963
,42,A-50(2)0020,"CODIORGAN-A50, 20 KG",2026-08-28 00:00:00,0.000257639,0.257638889,KG,1000,1000,1556.62162,1.55662162
,42,A-500001     ,"CODIORGAN  A-50, 1 KG",2026-01-09 00:00:00,0.000108507,0.208333333,KG,1920,1920,3385.58075,1.763323307
,42,A-500001     ,"CODIORGAN  A-50, 1 KG",2026-01-26 00:00:00,0.000133761,0.083333333,KG,623,623,1111.504425,1.784116252
,42,A-500001     ,"CODIORGAN-A50, 1 KG",2026-06-17 00:00:00,7.8914e-05,0.083333333,KG,1056,1056,2120.475628,2.008026163
,42,A-500005     ,"CODIORGAN  A-50, 5 KG",2026-01-09 00:00:00,8.3333e-05,0.083333333,KG,1000,1000,1653.802577,1.653802577
,42,A-500005     ,"CODIORGAN-A50, 5 KG",2026-06-17 00:00:00,9.7222e-05,0.291666667,KG,3000,3000,5515.099404,1.838366468
,42,A-500005     ,"CODIORGAN-A50, 5 KG",2026-06-24 00:00:00,1.7857e-05,0.125,KG,7000,7000,12477.65229,1.782521756
,42,A-500020     ,"CODIORGAN  A-50, 20 KG",2026-01-26 00:00:00,0.000166667,0.166666667,KG,1000,1000,1716.293174,1.716293174
,42,A-500020     ,"CODIORGAN  A-50, 20 KG",2026-02-25 00:00:00,9.5486e-05,0.076388889,KG,800,800,1371.517911,1.714397389
,42,A-500020     ,"CODIORGAN-A50, 20 KG",2026-04-29 00:00:00,0.000104167,0.083333333,KG,800,800,1359.970296,1.69996287
,42,A-500020     ,"CODIORGAN-A50, 20 KG",2026-04-29 00:00:00,0.000151515,0.333333333,KG,2200,2200,3824.119765,1.738236257
,42,A-500020     ,"CODIORGAN-A50, 20 KG",2026-06-17 00:00:00,5.2083e-05,0.083333333,KG,1600,1600,2862.407752,1.789004845
,42,A-50BB,"CODIORGAN A-50, BB",2026-02-25 00:00:00,5.5556e-05,0.111111111,KG,2000,2000,3234.552211,1.617276105
,42,A-50BB,"CODIORGAN-A50, BB",2026-07-03 00:00:00,2.7083e-05,0.054166667,KG,2000,2000,3364.65205,1.682326025
,42,A-50EG0001,"CODIORGAN-A50 EGIPTO, 1 KG",2026-01-28 00:00:00,9.4697e-05,0.5,KG,5280,5280,9514.39665,1.801969062
,42,A-50EG0001,"CODIORGAN-A50 EGIPTO, 1 KG",2026-05-20 00:00:00,0.000107411,0.340277778,KG,3168,3168,5741.573988,1.812365527
,42,A-50EG0001,"CODIORGAN-A50 EGIPTO, 1 KG",2026-05-20 00:00:00,0.000118371,0.375,KG,3168,3168,5769.473988,1.821172345
,42,A-50EG0001,"CODIORGAN-A50 EGIPTO, 1 KG",2026-08-14 00:00:00,0.000309717,1.333333333,KG,4225,4305,8931.825337,2.074756176
,42,AGMG0001     ,"AGROXILATO Mg, 1 KG (EXPORT) ",2026-03-27 00:00:00,0.000273277,0.118055556,K,432,432,807.1795768,1.868471243
,42,AGMG0005     ,"AGROXILATO-MG, 5 KG (EXPORT)",2026-07-03 00:00:00,0.000113889,0.569444444,K,5000,5000,8217.968377,1.643593675
,42,AGMNP0005,"AGROXILATO-MN PLUS, 5 KG",2026-05-29 00:00:00,0.000333333,0.166666667,(en blanco),500,500,975.6730938,1.951346188
,42,AGZ-M0001    ,"AGROXILATO-ZN-MN, 1 KG",2026-08-07 00:00:00,0.001792115,0.277777778,KG,155,155,798.7336581,5.153120375
,42,AGZ-M0005    ,"AGROXILATO-ZN-MN, 5 KG",2026-05-27 00:00:00,0.000133547,0.208333333,KG,1560,1560,3027.521397,1.940718844
,42,AGZN0001     ,"AGROXILATO-ZN 16 %, 1 KG (EXPORT)",2026-05-30 00:00:00,0.000241346,0.254861111,K,1056,1056,403.4600551,0.382064446
,42,AGZNP0001,"AGROXILATO-ZN PLUS, 1 KG",2026-05-28 00:00:00,0.000161774,0.854166667,K,5280,5280,16576.76357,3.139538554
,42,AGZNP0005,"AGROXILATO ZN PLUS, 5 KG",2026-03-24 00:00:00,0.000113441,0.513888889,K,4530,4530,10644.67999,2.349818982
,42,BPLUS20005,"BOROCAL PLUS, 5 KG",2026-03-18 00:00:00,6.7751e-05,0.041666667,K,615,615,859.3213873,1.397270548
,42,BPLUS20005,"BOROCAL PLUS, 5 KG",2026-04-17 00:00:00,0.000208333,0.083333333,K,400,400,861.2607708,2.153151927
,42,BPLUS20005,"BOROCAL PLUS, 5 KG",2026-05-27 00:00:00,7.3746e-05,0.041666667,K,600,565,966.5905248,1.71077969
,42,CALCIO0001,"CALCIAMEC, 1 KG",2026-01-27 00:00:00,0.000187266,0.333333333,K,1780,1780,2694.748279,1.513903528
,42,CALCIO0001,"CALCIAMEC, 1 KG",2026-02-03 00:00:00,0,0,K,467,467,706.7523424,1.513388313
,42,CALCIO0001,"CALCIAMEC, 1 KG",2026-02-03 00:00:00,0.000261849,0.333333333,K,1273,1273,1974.940776,1.551406737
,42,CALCIO0001,"CALCIAMEC, 1 KG",2026-08-27 00:00:00,0.000118371,0.125,K,1056,1056,2050.674534,1.941926642
,42,CALCIO0001,"CALCIAMEC, 1 KG",2026-08-27 00:00:00,0.000149279,0.157638889,K,1056,1056,1993.608486,1.887886823
,42,CALCIO0005,"CALCIAMEC, 5 KG",2026-05-20 00:00:00,4.849e-05,0.097222222,K,2000,2005,3125.210031,1.558708245
,42,CALCIO0005,"CALCIAMEC, 5 KG",2026-08-05 00:00:00,0.000135722,0.208333333,K,1535,1535,2649.366685,1.725971782
,42,CALCIO0005,"CALCIAMEC, 5 KG",2026-08-27 00:00:00,3.5964e-05,0.105555556,K,2935,2935,4704.046029,1.602741407
,42,CALCIO0005,"CALCIAMEC, 5 KG",2026-08-27 00:00:00,5.5556e-05,0.055555556,K,1000,1000,1752.594428,1.752594428
,42,CALCIO0005,"CALCIAMEC, 5 KG",2026-08-27 00:00:00,0.000101626,0.208333333,K,2050,2050,2741.66432,1.337397229
,42,CALCIO0020,"CALCIAMEC, 20 KG",2026-02-03 00:00:00,7.5758e-05,0.166666667,KG,2200,2200,2876.768617,1.307622099
,42,CALCIO0020,"CALCIAMEC, 20 KG",2026-03-11 00:00:00,6.9444e-05,0.208333333,KG,3000,3000,3807.524042,1.269174681
,42,CALCIO0020,"CALCIAMEC, 20 KG",2026-05-04 00:00:00,0.00010101,0.111111111,KG,1100,1100,1593.178085,1.448343714
,42,CALCIO0020,"CALCIAMEC, 20 KG",2026-05-04 00:00:00,0.000231481,0.041666667,KG,180,180,279.5724143,1.553180079
,42,CBASI0005,"BIOCULTURE BASI, 5 KG",2026-07-22 00:00:00,9.058e-05,0.041666667,KG,460,460,324.0256183,0.704403518
,42,C-GLB0001,"CODIORGAN GLB, 1 KG",2026-01-29 00:00:00,0.000248016,0.125,KG,504,504,1640.348407,3.254659538
,42,C-GLB0001,"CODIORGAN GLB, 1 KG",2026-06-02 00:00:00,7.3943e-05,0.083333333,KG,1127,1127,3765.407617,3.341089279
,42,C-GLB0001,"CODIORGAN GLB, 1 KG",2026-08-07 00:00:00,0.000446429,0.28125,KG,630,630,2621.50833,4.161124333
,42,C-GLB0005,"CODIORGAN GLB, 5 KG",2026-04-22 00:00:00,7.3099e-05,0.041666667,KG,540,570,1795.763618,3.150462487
,42,C-GLB0005,"CODIORGAN GLB, 5 KG",2026-08-07 00:00:00,0.000115741,0.034722222,KG,300,300,1180.210098,3.934033659
,42,CZNMNES0001,"CODIFOL ZN-MN, 1 KG",2026-04-14 00:00:00,0.000694444,0.002083333,KG,3,3,1.779445513,0.593148504
,42,CZNMNES0005,"CODIFOL ZN-MN, 5 KG",2026-01-12 00:00:00,8.3333e-05,0.166666667,KG,2000,2000,3639.41793,1.819708965
,42,CZNMNES0005,"CODIFOL ZN-MN, 5 KG",2026-03-25 00:00:00,0.000112434,0.070833333,KG,600,630,1119.882872,1.777591861
,42,CZNMNESBB,CODIFOL-ZNMN BB1000,2026-02-26 00:00:00,4.1667e-05,0.041666667,KG,1000,1000,1714.684854,1.714684854
,42,PREZN0005,"PREZINC, 5 kg",2026-03-20 00:00:00,8.2781e-05,0.25,KG,3020,3020,3664.565119,1.213432159
,42,PREZN0005,"PREZINC, 5 kg",2026-06-26 00:00:00,8.8798e-05,0.270833333,KG,3050,3050,3785.086147,1.241011851
,42,PREZN0005,"PREZINC, 5 kg",2026-09-02 00:00:00,7.9618e-05,0.25,KG,3000,3140,3608.491234,1.14920103
,42,SS0001,"SAL-WAX Ca sólido, 1 KG",2026-01-07 00:00:00,0.000183453,0.333333333,KG,1817,1817,2469.314487,1.359006322
,42,SS0001,"SAL-WAX Ca sólido, 1 KG",2026-01-29 00:00:00,0.000181028,0.25,KG,1381,1381,1842.757464,1.334364565
,42,SS0001,"SAL-WAX Ca sólido, 1 KG",2026-02-09 00:00:00,0,0,KG,27,27,40.56380726,1.502363232
,42,SS0001,"SAL-WAX Ca sólido, 1 KG",2026-02-25 00:00:00,0.00036169,0.069444444,KG,192,192,294.5078683,1.533895148
,42,SS0001,"SAL-WAX Ca sólido, 1 KG",2026-03-11 00:00:00,0.000236742,0.833333333,KG,3520,3520,4797.819941,1.363017029
,42,SS0001,"SALWAX-CA, 1 KG",2026-06-02 00:00:00,4.7348e-05,0.083333333,KG,1760,1760,2698.081022,1.533000581
,42,SS0005       ,"SAL-WAX-Ca sólido, 5 KG",2026-01-12 00:00:00,8.3333e-05,0.166666667,KG,2000,2000,2325.371749,1.162685874
,42,SS0005       ,"SAL-WAX-Ca sólido, 5 KG",2026-02-25 00:00:00,0.000125,0.5,KG,4000,4000,4787.948464,1.196987116
,42,SS0005       ,"SAL-WAX-Ca sólido, 5 KG",2026-02-25 00:00:00,0.000154321,0.006944444,KG,45,45,54.98263236,1.221836275
,42,SS0005       ,"SALWAX-CA, 5 KG",2026-05-20 00:00:00,5.6306e-05,0.083333333,KG,1480,1480,1727.474434,1.167212455
,42,SS0005       ,"SALWAX-CA, 5 KG",2026-06-17 00:00:00,0.000111111,0.083333333,KG,750,750,981.6165996,1.308822133
,42,SS0005       ,"SALWAX-CA, 5 KG",2026-08-05 00:00:00,0.000126582,0.25,KG,1975,1975,2887.056393,1.461800705
,42,SS0005       ,"SALWAX-CA, 5 KG",2026-08-05 00:00:00,0.000166667,0.208333333,KG,2500,2500,3819.967939,1.527987176
,42,SS0020       ,"SAL-WAX-Ca sólido, 20 KG",2026-01-12 00:00:00,7.5758e-05,0.083333333,KG,1100,1100,1215.495563,1.104995967
,42,SS0020       ,"SAL-WAX-Ca sólido, 20 KG",2026-01-26 00:00:00,6.4499e-05,0.416666667,KG,6460,6460,7147.742645,1.10646171
,42,SS0020       ,"SAL-WAX-Ca sólido, 20 KG",2026-03-16 00:00:00,7.1354e-05,0.570833333,KG,8000,8000,9011.506957,1.12643837
,42,SS0020       ,"SAL-WAX-Ca sólido, 20 KG",2026-03-16 00:00:00,0.000271739,0.125,KG,400,460,587.6726589,1.277549258
,42,SS0020       ,"SALWAX-CA, 20 KG",2026-04-02 00:00:00,7.2917e-05,0.145833333,KG,2000,2000,2272.527076,1.136263538
,42,SS0020       ,"SALWAX-CA, 20 KG",2026-05-12 00:00:00,0.000151515,0.166666667,KG,1100,1100,1775.233261,1.613848419
,42,SS0020       ,"SALWAX-CA, 20 KG",2026-05-12 00:00:00,0.000208333,0.166666667,KG,800,800,1327.602372,1.659502965
,42,SS0020       ,"SALWAX-CA, 20 KG",2026-06-17 00:00:00,3.125e-05,0.125,KG,4000,4000,4901.896392,1.225474098
,42,SS0020       ,"SALWAX-CA, 20 KG",2026-06-17 00:00:00,6.9444e-05,0.006944444,KG,100,100,121.7717428,1.217717428
,42,SS0020       ,"SALWAX-CA, 20 KG",2026-06-17 00:00:00,8.6806e-05,0.083333333,KG,960,960,1217.380734,1.268104931
,42,SS0020       ,"SALWAX-CA, 20 KG",2026-07-02 00:00:00,8.1337e-05,0.650694444,KG,8000,8000,10176.10951,1.272013689
,42,SS0020       ,"SALWAX-CA, 20 KG",2026-07-24 00:00:00,8.5911e-05,0.166666667,KG,1940,1940,2861.747083,1.475127362
,42,SSAE0005,"MAGNIFIC-VIETS-AE, 5 KG",2026-03-18 00:00:00,2.1439e-05,0.015972222,KG,745,745,1049.176452,1.408290539
,42,SSAE0005,"MAGNIFIC-VIETS-AE, 5 KG",2026-04-16 00:00:00,7.5758e-05,0.041666667,KG,540,550,953.4875258,1.733613683
,42,SSEG0001,"SALWAX CALCIO EGIPTO, 1 KG",2026-05-28 00:00:00,0.000260417,0.0625,KG,240,240,347.1389413,1.446412255
,42,SSEG0005,"SALWAX CALCIO EGIPTO, 5 KG",2026-01-05 00:00:00,5.9524e-05,1.25,KG,21000,21000,23601.33366,1.123873032
,42,SSEG0005,"SALWAX CALCIO EGIPTO, 5 KG",2026-01-16 00:00:00,7.9365e-05,1.666666667,KG,21000,21000,23768.62549,1.131839309
,42,SSEG0005,"SALWAX CALCIO EGIPTO, 5 KG",2026-01-20 00:00:00,5.9524e-05,1.25,KG,21000,21000,23431.32554,1.115777407
,42,SSEG0005,"SALWAX CALCIO EGIPTO, 5 KG",2026-01-23 00:00:00,7.1429e-05,1,KG,14000,14000,15559.78618,1.111413298
,42,SSEG0005,"SALWAX CALCIO EGIPTO, 5 KG",2026-02-12 00:00:00,7.7216e-05,1.621527778,KG,21000,21000,20992.06717,0.999622246
,42,SSEG0005,"SALWAX CALCIO EGIPTO, 5 KG",2026-02-23 00:00:00,7.7381e-05,1.625,KG,21000,21000,23795.25294,1.133107283
,42,SSEG0005,"SALWAX CALCIO EGIPTO, 5 KG",2026-03-06 00:00:00,7.0833e-05,0.2125,KG,3000,3000,3410.619124,1.136873041
,42,SSEG0005,"SALWAX CALCIO EGIPTO, 5 KG",2026-03-06 00:00:00,8.3333e-05,0.833333333,KG,10000,10000,11469.17041,1.146917041
,42,SSEG0005,"SALWAX CALCIO EGIPTO, 5 KG",2026-03-30 00:00:00,0.000121107,0.875,KG,7225,7225,8307.010905,1.149759295
,42,SSEG0005,"SALWAX CALCIO EGIPTO, 5 KG",2026-04-09 00:00:00,0.000108298,2.111805556,KG,19500,19500,22226.86849,1.13983941
,42,SSEG0005,"SALWAX CALCIO EGIPTO, 5 KG",2026-04-27 00:00:00,0.000106061,1.166666667,KG,11000,11000,14978.55152,1.361686502
,42,SSEG0005,"SALWAX CALCIO EGIPTO, 5 KG",2026-04-27 00:00:00,0.000160354,1.763888889,KG,11000,11000,15488.2667,1.408024246
,42,SSEG0005,"SALWAX CALCIO EGIPTO, 5 KG",2026-05-27 00:00:00,0.000416667,0.041666667,KG,100,100,141.0975639,1.410975639
,42,SSEG0005,"SALWAX CALCIO EGIPTO, 5 KG",2026-05-28 00:00:00,4.9242e-05,0.541666667,KG,11000,11000,1434.665625,0.130424148
,42,SSEG0005,"SALWAX CALCIO EGIPTO, 5 KG",2026-05-28 00:00:00,7.8704e-05,1.416666667,KG,18000,18000,20679.18545,1.148843636
,42,SSEG0005,"SALWAX CALCIO EGIPTO, 5 KG",2026-05-30 00:00:00,3.8462e-05,0.5,KG,13000,13000,1550.379316,0.119259947
,42,SSEG0005,"SALWAX CALCIO EGIPTO, 5 KG",2026-06-08 00:00:00,6.5033e-05,0.895833333,KG,13775,13775,16797.9238,1.219450004
,42,SSEG0005,"SALWAX CALCIO EGIPTO, 5 KG",2026-06-08 00:00:00,6.7515e-05,1.166666667,KG,17280,17280,20898.22513,1.209388029
,42,SSEG0005,"SALWAX CALCIO EGIPTO, 5 KG",2026-06-22 00:00:00,2.5e-05,0.125,KG,5000,5000,5773.69004,1.154738008
,42,SSEG0005,"SALWAX CALCIO EGIPTO, 5 KG",2026-06-22 00:00:00,4.5635e-05,0.958333333,KG,21000,21000,24569.50617,1.169976484
,42,SSEG0005,"SALWAX CALCIO EGIPTO, 5 KG",2026-06-30 00:00:00,5.1587e-05,1.083333333,KG,21000,21000,25500.54726,1.214311774
,42,SSEG0005,"SALWAX CALCIO EGIPTO, 5 KG",2026-07-01 00:00:00,7.8431e-05,1.333333333,KG,17000,17000,20648.50697,1.214618057
,42,SSEG0005,"SALWAX CALCIO EGIPTO, 5 KG",2026-07-20 00:00:00,5.9524e-05,1.25,KG,21000,21000,22694.37569,1.080684557
,42,SSEG0005,"SALWAX CALCIO EGIPTO, 5 KG",2026-07-31 00:00:00,5e-05,0.5,KG,10000,10000,11152.46921,1.115246921
,42,SSEG0005,"SALWAX CALCIO EGIPTO, 5 KG",2026-08-17 00:00:00,0.000277778,0.027777778,KG,100,100,126.7986256,1.267986256
,42,SSEG0005,"SALWAX CALCIO EGIPTO, 5 KG",2026-08-24 00:00:00,8.1624e-05,1.333333333,KG,15525,16335,23892.29541,1.462644347
,42,SSEG0005,"SALWAX CALCIO EGIPTO, 5 KG",2026-08-27 00:00:00,3.1746e-05,0.666666667,KG,21000,21000,30600.6311,1.45717291
,42,SSEG0020,"SALWAX CALCIO EGIPTO, 20 KG",2026-01-05 00:00:00,5.5556e-05,0.833333333,KG,15000,15000,16739.09204,1.115939469
,42,SSEG0020,"SALWAX CALCIO EGIPTO, 20 KG",2026-01-23 00:00:00,5.6818e-05,0.625,KG,11000,11000,12047.88771,1.095262519
,42,SSEG0020,"SALWAX CALCIO EGIPTO, 20 KG",2026-03-26 00:00:00,6.0606e-05,0.666666667,KG,11000,11000,12358.06768,1.123460698
,42,SSEG0020,"SALWAX CALCIO EGIPTO, 20 KG",2026-04-27 00:00:00,3.4722e-05,0.347222222,KG,10000,10000,13024.63175,1.302463175
,42,SSEG0020,"SALWAX CALCIO EGIPTO, 20 KG",2026-05-08 00:00:00,8.9583e-05,0.895833333,KG,10000,10000,13029.08839,1.302908839
,43,AN0005,"ALCAPLANT NEW, 5 KG",2026-02-04 00:00:00,0.000126263,1.333333333,KG,10560,10560,5585.839527,0.528962076
,43,AN0005,"ALCAPLANT NEW, 5 KG",2026-02-13 00:00:00,5.8333e-05,0.583333333,KG,10000,10000,5123.858029,0.512385803
,43,AN0005,"ALCAPLANT NEW, 5 KG",2026-03-02 00:00:00,1.8939e-05,0.104166667,KG,5500,5500,2707.830889,0.492332889
,43,AN0005,"ALCAPLANT NEW, 5 KG",2026-03-02 00:00:00,1.8939e-05,0.208333333,KG,11000,11000,5415.661777,0.492332889
,43,AN0005,"ALCAPLANT NEW, 5 KG",2026-03-02 00:00:00,2.3674e-05,0.104166667,KG,4400,4400,2178.004711,0.495001071
,43,AN0005,"ALCAPLANT NEW, 5 KG",2026-04-16 00:00:00,1.7361e-05,0.152777778,KG,8800,8800,4166.967554,0.47351904
,43,AN0005,"ALCAPLANT NEW, 5 KG",2026-05-26 00:00:00,6.4103e-05,0.833333333,KG,13000,13000,6737.403505,0.518261808
,43,AN0005,"ALCAPLANT NEW, 5 KG",2026-06-16 00:00:00,6.1637e-05,0.625,KG,10140,10140,5368.291772,0.529417335
,43,AN0005,"ALCAPLANT NEW, 5 KG",2026-06-16 00:00:00,0.000208333,0.458333333,KG,2200,2200,1453.283653,0.660583478
,43,AN0005,"ALCAPLANT NEW, 5 KG",2026-06-16 00:00:00,0.000208333,2.0625,KG,9900,9900,6535.319182,0.660133251
,43,AN0005,"ALCAPLANT NEW, 5 KG",2026-07-11 00:00:00,7.3056e-05,0.365277778,KG,5000,5000,2641.847706,0.528369541
,43,AN0005,"ALCAPLANT NEW, 5 KG",2026-07-16 00:00:00,2.8409e-05,1.25,KG,44000,44000,9290.865526,0.211156035
,43,AN0005,"ALCAPLANT NEW, 5 KG",2026-08-04 00:00:00,7.5758e-05,0.083333333,KG,1100,1100,282.678975,0.256980886
,43,AN0005,"ALCAPLANT NEW, 5 KG",2026-08-10 00:00:00,5.9834e-05,0.592361111,KG,9900,9900,2439.50161,0.246414304
,43,AN0020,"ALCAPLANT NEW, 20 KG",2026-02-13 00:00:00,1.5625e-05,0.0625,KG,4000,4000,1572.629179,0.393157295
,43,AN0020,"ALCAPLANT NEW, 20 KG",2026-02-13 00:00:00,1.8453e-05,0.416666667,KG,22580,22580,8667.528497,0.383858658
,43,AN0020,"ALCAPLANT NEW, 20 KG",2026-02-18 00:00:00,1.9055e-05,0.0625,KG,3280,3280,1234.883202,0.376488781
,43,AN0020,"ALCAPLANT NEW, 20 KG",2026-02-19 00:00:00,1.5652e-05,0.416666667,KG,26620,26620,9676.06706,0.36348862
,43,AN0020,"ALCAPLANT NEW, 20 KG",2026-03-02 00:00:00,2.2727e-05,0.125,KG,5500,5500,2230.395323,0.405526422
,43,AN0020,"ALCAPLANT NEW, 20 KG",2026-03-02 00:00:00,2.3531e-05,0.284722222,KG,12100,12100,4912.348378,0.405979205
,43,AN0020,"ALCAPLANT NEW, 20 KG",2026-03-02 00:00:00,0.000122549,0.041666667,KG,340,340,164.1478607,0.482787825
,43,AN0020,"ALCAPLANT NEW, 20 KG",2026-03-18 00:00:00,1.5767e-05,1.531944444,KG,97160,97160,35740.80659,0.367855152
,43,AN0020,"ALCAPLANT NEW, 20 KG",2026-03-18 00:00:00,2.0833e-05,0.083333333,KG,4000,4000,1542.109945,0.385527486
,43,AN0020,"ALCAPLANT NEW, 20 KG",2026-03-26 00:00:00,1.7576e-05,1.5,KG,85344,85344,31540.07668,0.369564078
,43,AN0020,"ALCAPLANT NEW, 20 KG",2026-04-02 00:00:00,4.1667e-05,3.796666667,KG,91120,91120,35424.21461,0.388764427
,43,AN0020,"ALCAPLANT NEW, 20 KG",2026-04-08 00:00:00,1.5783e-05,0.010416667,KG,660,660,246.6971455,0.373783554
,43,AN0020,"ALCAPLANT NEW, 20 KG",2026-04-08 00:00:00,1.6234e-05,0.125,KG,7700,7700,2879.72148,0.373989803
,43,AN0020,"ALCAPLANT NEW, 20 KG",2026-04-21 00:00:00,2.0292e-05,1.875,KG,92400,92400,34531.39111,0.373716354
,43,AN0020,"ALCAPLANT NEW, 20 KG",2026-05-15 00:00:00,1.5152e-05,0.166666667,KG,11000,11000,4033.862587,0.366714781
,43,AN0020,"ALCAPLANT NEW, 20 KG",2026-05-26 00:00:00,1.2121e-05,0.333333333,KG,27500,27500,12207.71434,0.443916885
,43,AN0020,"ALCAPLANT NEW, 20 KG",2026-05-26 00:00:00,1.6835e-05,0.166666667,KG,9900,9900,3950.858008,0.399076566
,43,AN0020,"ALCAPLANT NEW, 20 KG",2026-05-26 00:00:00,1.9575e-05,0.291666667,KG,14900,14900,6516.031145,0.437317527
,43,AN0020,"ALCAPLANT NEW, 20 KG",2026-05-26 00:00:00,2.0833e-05,0.041666667,KG,2000,2000,805.6430321,0.402821516
,43,AN0020,"ALCAPLANT NEW, 20 KG",2026-05-26 00:00:00,2.7801e-05,3.333333333,KG,119900,119900,45785.76248,0.381866243
,43,AN0020,"ALCAPLANT NEW, 20 KG",2026-05-29 00:00:00,3.107e-05,4.666666667,KG,150200,150200,58461.36336,0.389223458
,43,AN0020,"ALCAPLANT NEW, 20 KG",2026-06-05 00:00:00,4.0584e-05,1.25,KG,30800,30800,11902.73549,0.386452451
,43,AN0020,"ALCAPLANT NEW, 20 KG",2026-06-16 00:00:00,2.6817e-05,2.916666667,KG,108760,108760,42296.03682,0.388893314
,43,AN0020,"ALCAPLANT NEW, 20 KG",2026-06-18 00:00:00,2.7056e-05,0.208333333,KG,7700,7700,1014.112681,0.131702946
,43,AN0020,"ALCAPLANT NEW, 20 KG",2026-06-18 00:00:00,3.1436e-05,0.458333333,KG,14580,14580,5768.33395,0.39563333
,43,AN0020,"ALCAPLANT NEW, 20 KG",2026-06-30 00:00:00,4.524e-06,0.625,KG,138140,138140,51993.88374,0.376385433
,43,AN0020,"ALCAPLANT NEW, 20 KG",2026-07-08 00:00:00,1.1334e-05,1.583333333,KG,139700,139700,53205.76896,0.38085733
,43,AN0020,"ALCAPLANT NEW, 20 KG",2026-07-11 00:00:00,8.741e-06,0.375,KG,42900,42900,16308.81706,0.380158906
,43,AN0020,"ALCAPLANT NEW, 20 KG",2026-07-11 00:00:00,2.0833e-05,0.083333333,KG,4000,4000,1601.125451,0.400281363
,43,AN0020,"ALCAPLANT NEW, 20 KG",2026-07-22 00:00:00,1.0913e-05,0.458333333,KG,42000,42000,17704.07339,0.421525557
,43,AN0020,"ALCAPLANT NEW, 20 KG",2026-08-10 00:00:00,6.4394e-05,0.708333333,KG,11000,11000,1650.797133,0.150072467
,43,ANAE0005,"ALCAPLANT NEW AE, 5 KG",2026-02-04 00:00:00,5.3662e-05,0.708333333,KG,13200,13200,6464.884165,0.489763952
,43,ANAE0005,"ALCAPLANT NEW AE, 5 KG",2026-04-17 00:00:00,2.0032e-05,0.125,KG,6240,6240,3020.410238,0.484040102
,43,ANAE0005,"ALCAPLANT NEW AE, 5 KG",2026-05-15 00:00:00,4.7348e-05,0.625,KG,13200,13200,6503.80012,0.49271213
,43,ANAE0005,"ALCAPLANT NEW AE, 5 KG",2026-08-12 00:00:00,0.000191771,0.916666667,KG,4780,4780,2960.206217,0.619290003
,43,ANAE0005,"ALCAPLANT NEW AE, 5 KG",2026-08-14 00:00:00,4.8893e-05,0.601388889,KG,12300,12300,6451.174551,0.524485736
,43,ANAE0020,"ALCAPLANT NEW AE, 20 KG",2026-05-26 00:00:00,3.7879e-05,0.5,KG,13200,13200,6125.807004,0.464076288
,43,ANAE0020,"ALCAPLANT NEW AE, 20 KG",2026-07-22 00:00:00,5.0505e-05,0.333333333,KG,6600,6600,2988.307353,0.452773841
,43,ANAE0020,"ALCAPLANT NEW AE, 20 KG",2026-08-17 00:00:00,1.7806e-05,0.041666667,KG,2300,2340,947.7724874,0.405030978
,43,AO0020,"ALCAPLANT OMRI, 20 KG",2026-01-16 00:00:00,1.9089e-05,0.770833333,KG,40380,40380,14673.06485,0.363374563
,43,AO0020,"ALCAPLANT OMRI, 20 KG",2026-05-11 00:00:00,1.8939e-05,0.416666667,KG,22000,22000,8367.914408,0.380359746
,43,AO0020,"ALCAPLANT OMRI, 20 KG",2026-06-25 00:00:00,3.5311e-05,0.041666667,KG,1180,1180,400.0832331,0.339053587
,43,AO0020,"ALCAPLANT OMRI, 20 KG",2026-06-25 00:00:00,3.7879e-05,0.291666667,KG,7700,7700,2991.443958,0.388499215
,43,AO1000,"ALCAPLANT OMRI, 1000 KG",2026-06-25 00:00:00,2.1813e-05,0.340277778,KG,15600,15600,5691.947222,0.364868412
,43,BR-590005,"BR-59, 5 KG",2026-05-13 00:00:00,0.000208333,0.208333333,KG,1000,1000,667.4189473,0.667418947
,43,BR-590005,"BR-59, 5 KG",2026-06-24 00:00:00,0.000113636,0.125,KG,1100,1100,584.0219536,0.530929049
,43,DECA0005,"DEFENS-CA-AE, 5 KG",2026-01-21 00:00:00,0.000113636,0.125,KG,1100,1100,640.4271004,0.582206455
,43,FTK0005,"FITOKONTROL CA FLOW, 5 KG",2026-02-11 00:00:00,0.000133333,0.666666667,KG,5000,5000,5694.380002,1.138876
,43,FTK0005,"FITOKONTROL CA FLOW, 5 KG",2026-04-24 00:00:00,0.000208333,0.125,KG,600,600,709.9624115,1.183270686
,43,FTK0005,"FITOKONTROL CA FLOW, 5 KG",2026-05-15 00:00:00,0.000208333,0.458333333,KG,2200,2200,2545.676933,1.157125878
,46,SASCDS0020,"SAS CODASAL PREMIUM, 20 L",2026-05-06 00:00:00,0,0,L,15420,0,9654.574791,0
,46,SASCDS0020,"SAS CODASAL PREMIUM, 20 L",2026-05-06 00:00:00,7.401e-06,0.125,L,16889,16889,26797.87924,1.586706095
,46,SASCDS0020,"SAS CODASAL PREMIUM, 20 L",2026-05-06 00:00:00,1.6538e-05,0.083333333,L,5039,5039,8016.37122,1.590865493
,46,SASCDS0020,"SAS CODASAL PREMIUM, 20 L",2026-05-07 00:00:00,1.9482e-05,0.333333333,L,17110,17110,28824.11936,1.684635848
,46,SASCDS0020,"SAS CODASAL PREMIUM, 20 L",2026-05-07 00:00:00,2.0032e-05,0.333333333,L,16640,16640,19765.65689,1.187839957
,46,SASCDS0020,"SAS CODASAL PREMIUM, 20 L",2026-05-07 00:00:00,3.0632e-05,0.333333333,L,10882,10882,6021.969727,0.553388139
,46,SASCDS0020,"SAS CODASAL PREMIUM, 20 L",2026-05-26 00:00:00,2.1701e-05,0.666666667,L,30720,30720,16912.88727,0.550549716
,46,SASCDS0020,"SAS CODASAL PREMIUM, 20 L",2026-05-26 00:00:00,3.0048e-05,2,L,66560,66560,37678.36829,0.566081254
,46,SASCDS0020,"SAS CODASAL PREMIUM, 20 L",2026-05-29 00:00:00,2.504e-05,1.666666667,L,66560,66560,36716.88669,0.551635918
,46,SASG00080020,"SAS CODA-MG-L, 20 L",2026-05-11 00:00:00,2.0205e-05,0.375,L,18560,18560,10562.70963,0.56911151
,46,SASG00480020,"RADIX CAL, 20 L",2026-06-25 00:00:00,0,0,L,17760,17760,60.56928,0.003410432
,46,SASG00480020,"RADIX CAL, 20 L",2026-07-24 00:00:00,0,0,L,17600,17600,81.87357143,0.004651907
,46,SASG00480020,"RADIX CAL, 20 L",2026-08-17 00:00:00,0,0,L,65280,65280,359.9508571,0.005513953
,46,SASG00480020,"RADIX CAL, 20 L",2026-08-24 00:00:00,0,0,L,16320,16320,87.59185714,0.005367148
,46,SASG00480020,"RADIX CAL, 20 L",2026-08-25 00:00:00,0,0,L,114240,114240,687.2665714,0.006015989
,46,SASG00480020,"RADIX CAL, 20 L",2026-08-26 00:00:00,0,0,L,16320,16320,71.86940816,0.004403763
,46,SASG00480020,"RADIX CAL, 20 L",2026-08-28 00:00:00,0,0,L,16320,16320,126.26,0.00773652
,46,SASG00480020,"RADIX CAL, 20 L",2026-09-01 00:00:00,0,0,L,97920,97920,706.2918571,0.007212948
,46,SASG00500020,CODAFOL 14-6-5,2026-07-28 00:00:00,0,0,L,17600,17600,68.62166667,0.003898958
,46,SASG00510020,"DALGIN MG, 20 L",2026-07-28 00:00:00,0,0,L,5520,5520,27.82,0.005039855
,46,SASG00590020,"SAS CODAMIN 150, 20 L",2026-05-12 00:00:00,0,0,L,19200,19200,30.7776,0.001603
,46,SASG00660020,"NP CUAJE, 20 L",2026-07-01 00:00:00,0,0,LT,20480,20480,103.476,0.005052539
,46,SASG00661000,"NP CUAJE, 1000 L",2026-07-01 00:00:00,8.333e-06,0.041666667,KG,5000,5000,33.21000027,0.006642
,46,SASG00690020,"TAMPONIC PH, 20 L",2026-06-25 00:00:00,0,0,L,33600,33600,128.7608,0.003832167
,46,SASG00760020,"SAS CODACAL BORO, 20 L",2026-05-11 00:00:00,2.0559e-05,0.375,L,18240,18240,9448.12872,0.517989513
,46,SASG00770020,"SAS CODAPHOS K, 20 L",2026-05-06 00:00:00,2.0833e-05,0.666666667,L,32000,32000,18823.9956,0.588249862
,46,SASG00770020,"SAS CODAPHOS K, 20 L",2026-07-29 00:00:00,0,0,L,37920,37920,207.5409,0.005473125
,46,SASG00820020,"MANVER WIN-CA, 20 L",2026-06-08 00:00:00,0,0,L,68480,68480,401.366,0.005861069
,46,SASG00820020,"MANVER WIN-CA, 20 L",2026-06-23 00:00:00,0,0,L,8160,8160,43.97825,0.005389491
,46,SASG01131000,"RADIX CAL ECO, 1000",2026-07-01 00:00:00,2.0833e-05,0.375,KG,18000,18000,298.89,0.016605
,46,SASG01170020,"CODAHORT, 20 L",2026-07-28 00:00:00,0,0,LT,16960,16960,110.3495,0.006506456
,46,SASG02770020,"CODAHUMUS 20 Nuevo No ADR, 20 L",2026-07-06 00:00:00,0,0,LT,30400,30400,357.915,0.01477946
,46,SASG02770020,"CODAHUMUS 20 Nuevo No ADR, 20 L",2026-07-24 00:00:00,0,0,LT,36720,36720,250.5725,0.006997169
,46,SASG02820020,"SAS UNIBROT, 20 L",2026-05-13 00:00:00,3.0193e-05,0.666666667,L,22080,22080,1703.485705,0.077150621
,46,SASG03420020,"CODAMAT, 20 L",2026-06-23 00:00:00,0,0,LT,17920,17920,83.43076,0.004655734
,46,SASG03501000,"AMINOÁCIDO LIQ. SAS, 1100 KG",2026-04-24 00:00:00,0,0,KG,5700,5700,3770,0.661403509
,46,SASG03501000,"AMINOÁCIDO LIQ. SAS, 1100 KG",2026-05-06 00:00:00,0,0,KG,39900,39900,26460,0.663157895
,46,SASG03501000,"AMINOÁCIDO LIQ. SAS, 1100 KG",2026-06-17 00:00:00,1.6667e-05,0.095,KG,22800,22800,859.4208,0.037693895
,46,SASG03501000,"AMINOÁCIDO LIQ. SAS, 1100 KG",2026-06-23 00:00:00,7.31e-06,0.041666667,KG,22800,22800,132.8400011,0.005826316
,46,SASG03501000,"AMINOÁCIDO LIQ. SAS, 1100 KG",2026-07-28 00:00:00,7.31e-06,0.041666667,KG,5700,5700,33.21000027,0.005826316
,46,SASG04300020,"MANVERT FOLIPLUS, 20 L",2026-06-23 00:00:00,0,0,L,9600,9600,247.76646,0.025809006
,46,SASG04440020,"SAS MANVERT SAL, 20 L",2026-06-15 00:00:00,0,0,L,17280,17280,72.63984,0.004203694
,46,SASG04440020,"SAS MANVERT SAL, 20 L",2026-07-01 00:00:00,0,0,L,7680,7680,44.916,0.005848438
,46,SASG04460020,"SAS MANVERT BROTAPLUS, 20 L",2026-05-29 00:00:00,2.7174e-05,0.5,L,18400,18400,517.1602,0.028106533
,46,SASG04540020,"MANVERT ZnB- TRACKER, 20 L",2026-06-15 00:00:00,0,0,L,19520,19520,89.34306,0.004577001
,46,SASG04960020,"MANVERT TERRA, 20 L",2026-07-01 00:00:00,0,0,LT,7680,7680,44.916,0.005848438
,46,SASG05160020,"MANVERT SILIKON, 20 L",2026-05-06 00:00:00,0,0,L,19840,19840,13493.59648,0.68012079
,46,SASG05160020,"MANVERT SILIKON, 20 L",2026-05-26 00:00:00,1.9055e-05,0.75,L,39360,39360,1076.282116,0.027344566
,46,SASG05160020,"MANVERT SILIKON, 20 L",2026-06-15 00:00:00,2.6419e-05,0.291666667,L,11040,11040,284.0575003,0.025729846
